REF,REGION,COUNTRY,SITE,YEAR_OBSERVATION_BEGAN,YEAR_OBSERVATION_ENDED,BLOOD_CULTURE_SENSITIVITY,HEALTH_SEEKING_PROB,RECRUITMENT_PROB,PERSON_YEARS,CASE_CRUDE,IR_CRUDE,IR,IR_LOWER,IR_UPPER,AGE_GRP,SURVEILLANCE_TYPE,SHAPE_FILE,LATITUDE,LONGITUDE,CATCHMENT_AREA_KM2,NOTE,age_grp_new,IR_modeling,improved_water,improved_sanitation,annual_rainfall,annual_mean_temp,stunting_prev,HIV_prev,travel_time_city,elevation,distance_water,piped_water,piped_sanitation,surface_water,open_defecation,wasting,underweight,pop_size
Breiman (2012),Africa,Kenya,Kibera,2007,2009,1,0.669,0.14,3457,3,86.8,821.5,265,2547,0-1 y,Active,data\\TSAP_data\\shapefiles\\KEN_done\\kibera_slum.shp,-1.311269979,36.78800114,16,"",0-1 y,821.5,99.846607208252,23.4060659408569,574.666666666667,18.9611114395989,0.319271057844162,7.78017512957255,0,1722.66666666667,23.9333337148031,86.3080317179362,6.24311927954356,0.0294482813527187,32.8908869425456,0.0369781802097956,0.0951444419721762,24008.3959147135
Breiman (2012),Africa,Kenya,Kibera,2007,2009,1,0.717,0.655,8017,24,299.4,869.9,583,1298,10-17 y,Active,data\\TSAP_data\\shapefiles\\KEN_done\\kibera_slum.shp,-1.311269979,36.78800114,16,"",10-17 y,869.9,99.846607208252,23.4060659408569,574.666666666667,18.9611114395989,0.319271057844162,7.78017512957255,0,1722.66666666667,23.9333337148031,86.3080317179362,6.24311927954356,0.0294482813527187,32.8908869425456,0.0369781802097956,0.0951444419721762,24008.3959147135
Breiman (2012),Africa,Kenya,Kibera,2007,2009,1,0.647,0.651,20309,25,123.1,312.1,211,462,18-34 y,Active,data\\TSAP_data\\shapefiles\\KEN_done\\kibera_slum.shp,-1.311269979,36.78800114,16,"",18-34 y,312.1,99.846607208252,23.4060659408569,574.666666666667,18.9611114395989,0.319271057844162,7.78017512957255,0,1722.66666666667,23.9333337148031,86.3080317179362,6.24311927954356,0.0294482813527187,32.8908869425456,0.0369781802097956,0.0951444419721762,24008.3959147135
Breiman (2012),Africa,Kenya,Kibera,2007,2009,1,0.632,0.41,6138,32,521.3,2242.6,1586,3171,2-4 y,Active,data\\TSAP_data\\shapefiles\\KEN_done\\kibera_slum.shp,-1.311269979,36.78800114,16,"",2-4 y,2242.6,99.846607208252,23.4060659408569,574.666666666667,18.9611114395989,0.319271057844162,7.78017512957255,0,1722.66666666667,23.9333337148031,86.3080317179362,6.24311927954356,0.0294482813527187,32.8908869425456,0.0369781802097956,0.0951444419721762,24008.3959147135
Breiman (2012),Africa,Kenya,Kibera,2007,2009,1,0.621,0.8,6443,2,31,100,25,400,35-49 y,Active,data\\TSAP_data\\shapefiles\\KEN_done\\kibera_slum.shp,-1.311269979,36.78800114,16,"",35-49 y,100,99.846607208252,23.4060659408569,574.666666666667,18.9611114395989,0.319271057844162,7.78017512957255,0,1722.66666666667,23.9333337148031,86.3080317179362,6.24311927954356,0.0294482813527187,32.8908869425456,0.0369781802097956,0.0951444419721762,24008.3959147135
Breiman (2012),Africa,Kenya,Kibera,2007,2009,1,,,16066,,,1329.864328,,,5-17 y,Active,data\\TSAP_data\\shapefiles\\KEN_done\\kibera_slum.shp,-1.311269979,36.78800114,16,"",5-14 y,1329.864328,99.846607208252,23.4060659408569,574.666666666667,18.9611114395989,0.319271057844162,7.78017512957255,0,1722.66666666667,23.9333337148031,86.3080317179362,6.24311927954356,0.0294482813527187,32.8908869425456,0.0369781802097956,0.0951444419721762,24008.3959147135
Breiman (2012),Africa,Kenya,Kibera,2007,2009,1,0.674,0.652,8049,48,596.3,1788,1348,2373,5-9 y,Active,data\\TSAP_data\\shapefiles\\KEN_done\\kibera_slum.shp,-1.311269979,36.78800114,16,"",5-9 y,1788,99.846607208252,23.4060659408569,574.666666666667,18.9611114395989,0.319271057844162,7.78017512957255,0,1722.66666666667,23.9333337148031,86.3080317179362,6.24311927954356,0.0294482813527187,32.8908869425456,0.0369781802097956,0.0951444419721762,24008.3959147135
Breiman (2012),Africa,Kenya,Kibera,2007,2009,1,0.645,0.564,28872,26,97,231.3,160,335,>17 y,Active,data\\TSAP_data\\shapefiles\\KEN_done\\kibera_slum.shp,-1.311269979,36.78800114,16,"",>14 y,231.3,99.846607208252,23.4060659408569,574.666666666667,18.9611114395989,0.319271057844162,7.78017512957255,0,1722.66666666667,23.9333337148031,86.3080317179362,6.24311927954356,0.0294482813527187,32.8908869425456,0.0369781802097956,0.0951444419721762,24008.3959147135
Breiman (2012),Africa,Kenya,Kibera,2007,2009,1,0.709,0.733,2120,1,47.2,66.6,13,644,>50 y,Active,data\\TSAP_data\\shapefiles\\KEN_done\\kibera_slum.shp,-1.311269979,36.78800114,16,"",>50 y,66.6,99.846607208252,23.4060659408569,574.666666666667,18.9611114395989,0.319271057844162,7.78017512957255,0,1722.66666666667,23.9333337148031,86.3080317179362,6.24311927954356,0.0294482813527187,32.8908869425456,0.0369781802097956,0.0951444419721762,24008.3959147135
Breiman (2012),Africa,Kenya,Kibera,2007,2009,1,,,54533,,,822,695,973,All,Active,data\\TSAP_data\\shapefiles\\KEN_done\\kibera_slum.shp,-1.311269979,36.78800114,16,"",All,822,99.846607208252,23.4060659408569,574.666666666667,18.9611114395989,0.319271057844162,7.78017512957255,0,1722.66666666667,23.9333337148031,86.3080317179362,6.24311927954356,0.0294482813527187,32.8908869425456,0.0369781802097956,0.0951444419721762,24008.3959147135
Breiman (2012),Africa,Kenya,Lwak,2006,2009,1,0.22,0.198,6544.5,1,15.3,345.7,43,2158,0-1 y,Active,"",-0.140373,34.3573,100,"",0-1 y,345.7,37.9035939534505,37.0640382925669,1460.5,23.2541669209798,0.398987334469954,21.4869311196463,35.4677419354839,1225.32467532468,6.2202965325557,13.8616275190065,3.28770095013703,55.4844052950541,34.8330798149109,0.0416574334104856,0.130189203470945,287.49050611763
Breiman (2012),Africa,Kenya,Lwak,2006,2009,1,0.183,0.483,16756.5,4,23.9,260.4,108,767,10-17 y,Active,"",-0.140373,34.3573,100,"",10-17 y,260.4,37.9035939534505,37.0640382925669,1460.5,23.2541669209798,0.398987334469954,21.4869311196463,35.4677419354839,1225.32467532468,6.2202965325557,13.8616275190065,3.28770095013703,55.4844052950541,34.8330798149109,0.0416574334104856,0.130189203470945,287.49050611763
Breiman (2012),Africa,Kenya,Lwak,2006,2009,1,0.177,0.636,17539.5,11,63.4,815.7,339,1106,18-34 y,Active,"",-0.140373,34.3573,100,"",18-34 y,815.7,37.9035939534505,37.0640382925669,1460.5,23.2541669209798,0.398987334469954,21.4869311196463,35.4677419354839,1225.32467532468,6.2202965325557,13.8616275190065,3.28770095013703,55.4844052950541,34.8330798149109,0.0416574334104856,0.130189203470945,287.49050611763
Breiman (2012),Africa,Kenya,Lwak,2006,2009,1,0.211,0.246,7027.5,2,28.5,742.6,113,1804,2-4 y,Active,"",-0.140373,34.3573,100,"",2-4 y,742.6,37.9035939534505,37.0640382925669,1460.5,23.2541669209798,0.398987334469954,21.4869311196463,35.4677419354839,1225.32467532468,6.2202965325557,13.8616275190065,3.28770095013703,55.4844052950541,34.8330798149109,0.0416574334104856,0.130189203470945,287.49050611763
Breiman (2012),Africa,Kenya,Lwak,2006,2009,1,0.145,0.612,7655.1,0,0,0,0,0,35-49 y,Active,"",-0.140373,34.3573,100,"",35-49 y,0,37.9035939534505,37.0640382925669,1460.5,23.2541669209798,0.398987334469954,21.4869311196463,35.4677419354839,1225.32467532468,6.2202965325557,13.8616275190065,3.28770095013703,55.4844052950541,34.8330798149109,0.0416574334104856,0.130189203470945,287.49050611763
Breiman (2012),Africa,Kenya,Lwak,2006,2009,1,,,28068.5,,,242.3046689,,,5-17 y,Active,"",-0.140373,34.3573,100,"",5-14 y,242.3046689,37.9035939534505,37.0640382925669,1460.5,23.2541669209798,0.398987334469954,21.4869311196463,35.4677419354839,1225.32467532468,6.2202965325557,13.8616275190065,3.28770095013703,55.4844052950541,34.8330798149109,0.0416574334104856,0.130189203470945,287.49050611763
Breiman (2012),Africa,Kenya,Lwak,2006,2009,1,0.164,0.495,11312,2,17.7,215.5,56,903,5-9 y,Active,"",-0.140373,34.3573,100,"",5-9 y,215.5,37.9035939534505,37.0640382925669,1460.5,23.2541669209798,0.398987334469954,21.4869311196463,35.4677419354839,1225.32467532468,6.2202965325557,13.8616275190065,3.28770095013703,55.4844052950541,34.8330798149109,0.0416574334104856,0.130189203470945,287.49050611763
Breiman (2012),Africa,Kenya,Lwak,2006,2009,1,0.136,0.622,35376.6,13,37.8,625.6,290,860,>17 y,Active,"",-0.140373,34.3573,100,"",>14 y,625.6,37.9035939534505,37.0640382925669,1460.5,23.2541669209798,0.398987334469954,21.4869311196463,35.4677419354839,1225.32467532468,6.2202965325557,13.8616275190065,3.28770095013703,55.4844052950541,34.8330798149109,0.0416574334104856,0.130189203470945,287.49050611763
Breiman (2012),Africa,Kenya,Lwak,2006,2009,1,0.085,0.601,10362,2,19.3,565.8,119,1896,>50 y,Active,"",-0.140373,34.3573,100,"",>50 y,565.8,37.9035939534505,37.0640382925669,1460.5,23.2541669209798,0.398987334469954,21.4869311196463,35.4677419354839,1225.32467532468,6.2202965325557,13.8616275190065,3.28770095013703,55.4844052950541,34.8330798149109,0.0416574334104856,0.130189203470945,287.49050611763
Breiman (2012),Africa,Kenya,Lwak,2006,2009,1,0.169,,77017,22,28.6,445,308,711,All,Active,"",-0.140373,34.3573,100,"",All,445,37.9035939534505,37.0640382925669,1460.5,23.2541669209798,0.398987334469954,21.4869311196463,35.4677419354839,1225.32467532468,6.2202965325557,13.8616275190065,3.28770095013703,55.4844052950541,34.8330798149109,0.0416574334104856,0.130189203470945,287.49050611763
Crump (2003),Africa,Egypt,Bilbeis,2001,2001,0.5,,,663492.0635,,,12.6,,,All,"Passive, Adjusted","",30.42,31.54,400,"",All,6.3,99.2254259446088,91.7775065758649,5,21.6750001907349,0.238706940237214,0.1,4.70764705882353,39.3480300187617,16.9805078859544,64.1293883722495,82.0851004166419,0.0737703998678275,5.31598853395283,0.0531239605453961,0.0673396189094466,984.8142512814
Guiraud (2017),Africa,Burkina Faso,Nanoro,2013,2014,0.416666667,0.5,0.909090909,,1,11,224,138,340,0-4 y,"Passive, Adjusted","",12.69,-2.19,594.3,"",0-4 y,93.33333341,71.0895508881454,19.2947442351462,693.166666666667,28.9083337783814,0.30843211710453,0.798201762385421,56.2788933511825,315.869285714286,10.1276177081384,11.7455976699366,0.354937149934563,1.55353840563323,79.7165575551463,0.155011619349102,0.261958358952632,77.7458410399544
Guiraud (2017),Africa,Burkina Faso,Nanoro,2013,2014,0.454545455,0.5,0.909090909,,11,56,273,203,355,5-15 y,"Passive, Adjusted","",12.69,-2.19,594.3,"",5-14 y,124.0909092,71.0895508881454,19.2947442351462,693.166666666667,28.9083337783814,0.30843211710453,0.798201762385421,56.2788933511825,315.869285714286,10.1276177081384,11.7455976699366,0.354937149934563,1.55353840563323,79.7165575551463,0.155011619349102,0.261958358952632,77.7458410399544
Marks (2017),Africa,Burkina Faso,Nioko II,2012,2013,1,0.81,0.190439,2097,0,0,0,0,0,0-1 y,"Passive, Adjusted",data\\TSAP_data\\shapefiles\\BKF_done\\NIOKO_II.shp,12.43598254,-1.433887523,,"",0-1 y,0,99.9914588928223,96.4280891418457,829.5,28.8291672070821,0.228290058672428,1.36594545841217,0.3,289.333333333333,6.24545463889536,99.833137512207,57.5397071838379,0.000923970830626786,0.759003818035126,0.149096690118313,0.186006426811218,1354.80677379261
Marks (2017),Africa,Burkina Faso,Nioko II,2012,2013,1,0.81,0.186656,2097,1,48,251,107,590,2-4 y,"Passive, Adjusted",data\\TSAP_data\\shapefiles\\BKF_done\\NIOKO_II.shp,12.43598254,-1.433887523,,"",2-4 y,251,99.9914588928223,96.4280891418457,829.5,28.8291672070821,0.228290058672428,1.36594545841217,0.3,289.333333333333,6.24545463889536,99.833137512207,57.5397071838379,0.000923970830626786,0.759003818035126,0.149096690118313,0.186006426811218,1354.80677379261
Marks (2017),Africa,Burkina Faso,Nioko II,2012,2013,1,0.81,0.256468,4889,4,82,315,191,519,5-14 y,"Passive, Adjusted",data\\TSAP_data\\shapefiles\\BKF_done\\NIOKO_II.shp,12.43598254,-1.433887523,,"",5-14 y,315,99.9914588928223,96.4280891418457,829.5,28.8291672070821,0.228290058672428,1.36594545841217,0.3,289.333333333333,6.24545463889536,99.833137512207,57.5397071838379,0.000923970830626786,0.759003818035126,0.149096690118313,0.186006426811218,1354.80677379261
Marks (2017),Africa,Burkina Faso,Nioko II,2012,2013,1,0.81,0.274045,10676,0,0,0,0,0,>14 y,"Passive, Adjusted",data\\TSAP_data\\shapefiles\\BKF_done\\NIOKO_II.shp,12.43598254,-1.433887523,,"",>14 y,0,99.9914588928223,96.4280891418457,829.5,28.8291672070821,0.228290058672428,1.36594545841217,0.3,289.333333333333,6.24545463889536,99.833137512207,57.5397071838379,0.000923970830626786,0.759003818035126,0.149096690118313,0.186006426811218,1354.80677379261
Marks (2017),Africa,Burkina Faso,Nioko II,2012,2013,1,,,19759,5,25,104,68,161,All,"Passive, Adjusted",data\\TSAP_data\\shapefiles\\BKF_done\\NIOKO_II.shp,12.43598254,-1.433887523,,"",All,104,99.9914588928223,96.4280891418457,829.5,28.8291672070821,0.228290058672428,1.36594545841217,0.3,289.333333333333,6.24545463889536,99.833137512207,57.5397071838379,0.000923970830626786,0.759003818035126,0.149096690118313,0.186006426811218,1354.80677379261
Marks (2017),Africa,Burkina Faso,Polesgo,2012,2013,1,0.92,0.246316,929,0,0,0,0,0,0-1 y,"Passive, Adjusted",data\\TSAP_data\\shapefiles\\BKF_done\\POLESGO.shp,12.44371079,-1.513549392,,"",0-1 y,0,46.0458316802979,74.4223480224609,866,28.6833338737488,0.221369847655296,1.34972232580185,0,310,4.90714294569833,20.3167352676392,1.01065257191658,39.8896160125732,9.10801076889038,0.148215062916279,0.189381808042526,3846.21984863281
Marks (2017),Africa,Burkina Faso,Polesgo,2012,2013,1,0.83,0.317597,992,6,605,1895.2,1202,2972,2-4 y,"Passive, Adjusted",data\\TSAP_data\\shapefiles\\BKF_done\\POLESGO.shp,12.44371079,-1.513549392,,"",2-4 y,1895.2,46.0458316802979,74.4223480224609,866,28.6833338737488,0.221369847655296,1.34972232580185,0,310,4.90714294569833,20.3167352676392,1.01065257191658,39.8896160125732,9.10801076889038,0.148215062916279,0.189381808042526,3846.21984863281
Marks (2017),Africa,Burkina Faso,Polesgo,2012,2013,1,0.87,0.494118,2104,5,238,485,263,896,5-14 y,"Passive, Adjusted",data\\TSAP_data\\shapefiles\\BKF_done\\POLESGO.shp,12.44371079,-1.513549392,,"",5-14 y,485,46.0458316802979,74.4223480224609,866,28.6833338737488,0.221369847655296,1.34972232580185,0,310,4.90714294569833,20.3167352676392,1.01065257191658,39.8896160125732,9.10801076889038,0.148215062916279,0.189381808042526,3846.21984863281
Marks (2017),Africa,Burkina Faso,Polesgo,2012,2013,1,0.87,0.379968,4917,2,41,107,46,252,>14 y,"Passive, Adjusted",data\\TSAP_data\\shapefiles\\BKF_done\\POLESGO.shp,12.44371079,-1.513549392,,"",>14 y,107,46.0458316802979,74.4223480224609,866,28.6833338737488,0.221369847655296,1.34972232580185,0,310,4.90714294569833,20.3167352676392,1.01065257191658,39.8896160125732,9.10801076889038,0.148215062916279,0.189381808042526,3846.21984863281
Marks (2017),Africa,Burkina Faso,Polesgo,2012,2013,1,,,8942,13,145,383,274,535,All,"Passive, Adjusted",data\\TSAP_data\\shapefiles\\BKF_done\\POLESGO.shp,12.44371079,-1.513549392,,"",All,383,46.0458316802979,74.4223480224609,866,28.6833338737488,0.221369847655296,1.34972232580185,0,310,4.90714294569833,20.3167352676392,1.01065257191658,39.8896160125732,9.10801076889038,0.148215062916279,0.189381808042526,3846.21984863281
Marks (2017),Africa,Ethiopia,Butajira,2012,2014,1,0.69,0.5932355,2798,0,0,0,,,0-1 y,"Passive, Adjusted",data\\shapefiles\\Butajira.shp,8.121346727,38.3776902,,"",0-1 y,0,66.8650797384757,16.581181384899,940.416666666667,18.0875002874268,0.553287657322707,0.591010809496597,16.6548672566372,2047.24324324324,13.1826384236348,8.34035869660201,0.837232260792344,11.467249734532,31.9757614709713,0.100344353803882,0.325107820883945,587.964160696108
Marks (2017),Africa,Ethiopia,Butajira,2012,2014,1,0.62,0.6387325,3771,0,0,0,,,2-4 y,"Passive, Adjusted",data\\shapefiles\\Butajira.shp,8.121346727,38.3776902,,"",2-4 y,0,66.8650797384757,16.581181384899,940.416666666667,18.0875002874268,0.553287657322707,0.591010809496597,16.6548672566372,2047.24324324324,13.1826384236348,8.34035869660201,0.837232260792344,11.467249734532,31.9757614709713,0.100344353803882,0.325107820883945,587.964160696108
Marks (2017),Africa,Ethiopia,Butajira,2012,2014,1,0.65,0.7012555,16305,1,6,13.45518148,,,5-14 y,"Passive, Adjusted",data\\shapefiles\\Butajira.shp,8.121346727,38.3776902,,"",5-14 y,13.45518148,66.8650797384757,16.581181384899,940.416666666667,18.0875002874268,0.553287657322707,0.591010809496597,16.6548672566372,2047.24324324324,13.1826384236348,8.34035869660201,0.837232260792344,11.467249734532,31.9757614709713,0.100344353803882,0.325107820883945,587.964160696108
Marks (2017),Africa,Ethiopia,Butajira,2012,2014,1,0.65,0.79,50257,2,4,7.749844475,,,>14 y,"Passive, Adjusted",data\\shapefiles\\Butajira.shp,8.121346727,38.3776902,,"",>14 y,7.749844475,66.8650797384757,16.581181384899,940.416666666667,18.0875002874268,0.553287657322707,0.591010809496597,16.6548672566372,2047.24324324324,13.1826384236348,8.34035869660201,0.837232260792344,11.467249734532,31.9757614709713,0.100344353803882,0.325107820883945,587.964160696108
Marks (2017),Africa,Ethiopia,Butajira,2012,2014,1,,,73131,3,4,,,,All,"Passive, Adjusted",data\\shapefiles\\Butajira.shp,8.121346727,38.3776902,,"",All,,66.8650797384757,16.581181384899,940.416666666667,18.0875002874268,0.553287657322707,0.591010809496597,16.6548672566372,2047.24324324324,13.1826384236348,8.34035869660201,0.837232260792344,11.467249734532,31.9757614709713,0.100344353803882,0.325107820883945,587.964160696108
Marks (2017),Africa,Ghana,Asante Akim North,2010,2012,1,0.16,0.41,4080,2,49,120,49,290,0-1 y,"Passive, Adjusted",data\\TSAP_data\\shapefiles\\GHA_done\\AshantiAkimNorth.shp,6.795175,-1.085461,,"",0-1 y,120,81.5421412111533,56.7680319439281,1408.16666666667,27.1961114565531,0.312183912881095,1.71327201404957,85.5509391007399,223.04189435337,22.1955484872731,34.5062735490125,4.37315955963644,13.169423745931,32.4622259754123,0.0829648857917448,0.153124814081674,82.320855677026
Marks (2017),Africa,Ghana,Asante Akim North,2010,2012,1,0.16,0.41,2940,13,442,1079,762,1528,2-4 y,"Passive, Adjusted",data\\TSAP_data\\shapefiles\\GHA_done\\AshantiAkimNorth.shp,6.795175,-1.085461,,"",2-4 y,1079,81.5421412111533,56.7680319439281,1408.16666666667,27.1961114565531,0.312183912881095,1.71327201404957,85.5509391007399,223.04189435337,22.1955484872731,34.5062735490125,4.37315955963644,13.169423745931,32.4622259754123,0.0829648857917448,0.153124814081674,82.320855677026
Marks (2017),Africa,Ghana,Asante Akim North,2010,2012,1,0.16,0.375981,12554,15,119,314,230,430,5-14 y,"Passive, Adjusted",data\\TSAP_data\\shapefiles\\GHA_done\\AshantiAkimNorth.shp,6.795175,-1.085461,,"",5-14 y,314,81.5421412111533,56.7680319439281,1408.16666666667,27.1961114565531,0.312183912881095,1.71327201404957,85.5509391007399,223.04189435337,22.1955484872731,34.5062735490125,4.37315955963644,13.169423745931,32.4622259754123,0.0829648857917448,0.153124814081674,82.320855677026
Marks (2017),Africa,Guinea-Bissau,Bandim,2011,2013,1,0.46,0.326466,5198,0,0,0,0,0,0-1 y,"Passive, Adjusted",data\\TSAP_data\\shapefiles\\GNB_done\\Studyarea_GNB.shp,11.86622993,-15.60637586,,"",0-1 y,0,35.9493293762207,78.9432487487793,1666,27.6111114819845,0.210055241982142,3.93408004442851,0.153846153846154,15.8,1.71805557484428,16.7875553766886,30.1365373929342,0.141794133310517,4.63088337580363,0.0696534737944603,0.127863040814797,4854.58775290465
Marks (2017),Africa,Guinea-Bissau,Bandim,2011,2013,1,0.43,0.487465,3866,1,26,53,13,208,2-4 y,"Passive, Adjusted",data\\TSAP_data\\shapefiles\\GNB_done\\Studyarea_GNB.shp,11.86622993,-15.60637586,,"",2-4 y,53,35.9493293762207,78.9432487487793,1666,27.6111114819845,0.210055241982142,3.93408004442851,0.153846153846154,15.8,1.71805557484428,16.7875553766886,30.1365373929342,0.141794133310517,4.63088337580363,0.0696534737944603,0.127863040814797,4854.58775290465
Marks (2017),Africa,Guinea-Bissau,Bandim,2011,2013,1,0.42,0.492105,11101,1,9,18,5,72,5-14 y,"Passive, Adjusted",data\\TSAP_data\\shapefiles\\GNB_done\\Studyarea_GNB.shp,11.86622993,-15.60637586,,"",5-14 y,18,35.9493293762207,78.9432487487793,1666,27.6111114819845,0.210055241982142,3.93408004442851,0.153846153846154,15.8,1.71805557484428,16.7875553766886,30.1365373929342,0.141794133310517,4.63088337580363,0.0696534737944603,0.127863040814797,4854.58775290465
Marks (2017),Africa,Guinea-Bissau,Bandim,2011,2013,1,0.45,0.644172,37109,1,3,4,1,20,>14 y,"Passive, Adjusted",data\\TSAP_data\\shapefiles\\GNB_done\\Studyarea_GNB.shp,11.86622993,-15.60637586,,"",>14 y,4,35.9493293762207,78.9432487487793,1666,27.6111114819845,0.210055241982142,3.93408004442851,0.153846153846154,15.8,1.71805557484428,16.7875553766886,30.1365373929342,0.141794133310517,4.63088337580363,0.0696534737944603,0.127863040814797,4854.58775290465
Marks (2017),Africa,Guinea-Bissau,Bandim,2011,2013,1,,,57274,3,5,10,4,22,All,"Passive, Adjusted",data\\TSAP_data\\shapefiles\\GNB_done\\Studyarea_GNB.shp,11.86622993,-15.60637586,,"",All,10,35.9493293762207,78.9432487487793,1666,27.6111114819845,0.210055241982142,3.93408004442851,0.153846153846154,15.8,1.71805557484428,16.7875553766886,30.1365373929342,0.141794133310517,4.63088337580363,0.0696534737944603,0.127863040814797,4854.58775290465
Marks (2017),Africa,Kenya,Kibera,2012,2013,1,0.42,1,2031,3,148,148,48,458,0-1 y,"Passive, Adjusted",data\\TSAP_data\\shapefiles\\KEN_done\\kibera_slum.shp,-1.311269979,36.78800114,,"",0-1 y,148,99.8896102905274,35.2417860031128,932,18.8291668891907,0.28410480171442,5.52481627464294,0,1722.66666666667,23.9333337148031,88.5287609100342,17.6694886684418,0.0207073059864342,20.7141275405884,0.0314488988369703,0.0796685554087162,28721.1226806641
Marks (2017),Africa,Kenya,Kibera,2012,2013,1,0.39,1,2039,10,490,490,264,912,2-4 y,"Passive, Adjusted",data\\TSAP_data\\shapefiles\\KEN_done\\kibera_slum.shp,-1.311269979,36.78800114,,"",2-4 y,490,99.8896102905274,35.2417860031128,932,18.8291668891907,0.28410480171442,5.52481627464294,0,1722.66666666667,23.9333337148031,88.5287609100342,17.6694886684418,0.0207073059864342,20.7141275405884,0.0314488988369703,0.0796685554087162,28721.1226806641
Marks (2017),Africa,Kenya,Kibera,2012,2013,1,0.43,1,5722,28,489,489,338,709,5-14 y,"Passive, Adjusted",data\\TSAP_data\\shapefiles\\KEN_done\\kibera_slum.shp,-1.311269979,36.78800114,,"",5-14 y,489,99.8896102905274,35.2417860031128,932,18.8291668891907,0.28410480171442,5.52481627464294,0,1722.66666666667,23.9333337148031,88.5287609100342,17.6694886684418,0.0207073059864342,20.7141275405884,0.0314488988369703,0.0796685554087162,28721.1226806641
Marks (2017),Africa,Kenya,Kibera,2012,2013,1,0.35,1,9228,13,141,141,82,243,>14 y,"Passive, Adjusted",data\\TSAP_data\\shapefiles\\KEN_done\\kibera_slum.shp,-1.311269979,36.78800114,,"",>14 y,141,99.8896102905274,35.2417860031128,932,18.8291668891907,0.28410480171442,5.52481627464294,0,1722.66666666667,23.9333337148031,88.5287609100342,17.6694886684418,0.0207073059864342,20.7141275405884,0.0314488988369703,0.0796685554087162,28721.1226806641
Marks (2017),Africa,Kenya,Kibera,2012,2013,1,,,19020,54,284,284,217,371,All,"Passive, Adjusted",data\\TSAP_data\\shapefiles\\KEN_done\\kibera_slum.shp,-1.311269979,36.78800114,,"",All,284,99.8896102905274,35.2417860031128,932,18.8291668891907,0.28410480171442,5.52481627464294,0,1722.66666666667,23.9333337148031,88.5287609100342,17.6694886684418,0.0207073059864342,20.7141275405884,0.0314488988369703,0.0796685554087162,28721.1226806641
Marks (2017),Africa,Madagascar,Imerintsiatosika,2011,2013,1,0.28,0.776471,1287,0,0,0,0,0,0-1 y,"Passive, Adjusted",data\\TSAP_data\\shapefiles\\MGR_done\\Imeritsiatosika_poly.shp,-18.97915051,47.32708816,,"",0-1 y,0,78.5077672887732,15.9523015066429,1476.91666666667,18.4208336803648,0.571139262782203,0.0642020948645141,38.6696428571429,1338.27464788732,13.2280989949497,35.5527438278551,1.01632788853237,1.46744431500082,6.2886413410306,0.0782034133595449,0.307331197791629,190.449199710123
Marks (2017),Africa,Madagascar,Imerintsiatosika,2011,2013,1,0.19,0.861386,1932,0,0,0,0,0,2-4 y,"Passive, Adjusted",data\\TSAP_data\\shapefiles\\MGR_done\\Imeritsiatosika_poly.shp,-18.97915051,47.32708816,,"",2-4 y,0,78.5077672887732,15.9523015066429,1476.91666666667,18.4208336803648,0.571139262782203,0.0642020948645141,38.6696428571429,1338.27464788732,13.2280989949497,35.5527438278551,1.01632788853237,1.46744431500082,6.2886413410306,0.0782034133595449,0.307331197791629,190.449199710123
Marks (2017),Africa,Madagascar,Imerintsiatosika,2011,2013,1,0.18,0.71875,4057,5,123,171,81,360,5-14 y,"Passive, Adjusted",data\\TSAP_data\\shapefiles\\MGR_done\\Imeritsiatosika_poly.shp,-18.97915051,47.32708816,,"",5-14 y,171,78.5077672887732,15.9523015066429,1476.91666666667,18.4208336803648,0.571139262782203,0.0642020948645141,38.6696428571429,1338.27464788732,13.2280989949497,35.5527438278551,1.01632788853237,1.46744431500082,6.2886413410306,0.0782034133595449,0.307331197791629,190.449199710123
Marks (2017),Africa,Madagascar,Imerintsiatosika,2011,2013,1,0.17,0.695321,7153,1,14,20,4,103,>14 y,"Passive, Adjusted",data\\TSAP_data\\shapefiles\\MGR_done\\Imeritsiatosika_poly.shp,-18.97915051,47.32708816,,"",>14 y,20,78.5077672887732,15.9523015066429,1476.91666666667,18.4208336803648,0.571139262782203,0.0642020948645141,38.6696428571429,1338.27464788732,13.2280989949497,35.5527438278551,1.01632788853237,1.46744431500082,6.2886413410306,0.0782034133595449,0.307331197791629,190.449199710123
Marks (2017),Africa,Madagascar,Imerintsiatosika,2011,2013,1,,,14429,6,42,58,29,114,All,"Passive, Adjusted",data\\TSAP_data\\shapefiles\\MGR_done\\Imeritsiatosika_poly.shp,-18.97915051,47.32708816,,"",All,58,78.5077672887732,15.9523015066429,1476.91666666667,18.4208336803648,0.571139262782203,0.0642020948645141,38.6696428571429,1338.27464788732,13.2280989949497,35.5527438278551,1.01632788853237,1.46744431500082,6.2886413410306,0.0782034133595449,0.307331197791629,190.449199710123
Marks (2017),Africa,Madagascar,Isotry,2012,2013,1,0.06,0.857143,261,0,0,0,0,0,0-1 y,"Passive, Adjusted",data\\TSAP_data\\shapefiles\\MGR_done\\Isotry_Poly.shp,-18.91151368,47.51567957,,"",0-1 y,0,72.500638961792,49.7621965408325,1513,18.854167064031,0.448815777897835,0.111480074003339,0,1261,1.15294120855191,62.9856958389282,26.9383826255798,6.34595124423504,15.8324360847473,0.0592611860483885,0.204930830746889,5531.54896375868
Marks (2017),Africa,Madagascar,Isotry,2012,2013,1,0.1,0.892308,653,0,0,0,0,0,2-4 y,"Passive, Adjusted",data\\TSAP_data\\shapefiles\\MGR_done\\Isotry_Poly.shp,-18.91151368,47.51567957,,"",2-4 y,0,72.500638961792,49.7621965408325,1513,18.854167064031,0.448815777897835,0.111480074003339,0,1261,1.15294120855191,62.9856958389282,26.9383826255798,6.34595124423504,15.8324360847473,0.0592611860483885,0.204930830746889,5531.54896375868
Marks (2017),Africa,Madagascar,Isotry,2012,2013,1,0.09,0.8125,2005,1,50,62,11,359,5-14 y,"Passive, Adjusted",data\\TSAP_data\\shapefiles\\MGR_done\\Isotry_Poly.shp,-18.91151368,47.51567957,,"",5-14 y,62,72.500638961792,49.7621965408325,1513,18.854167064031,0.448815777897835,0.111480074003339,0,1261,1.15294120855191,62.9856958389282,26.9383826255798,6.34595124423504,15.8324360847473,0.0592611860483885,0.204930830746889,5531.54896375868
Marks (2017),Africa,Madagascar,Isotry,2012,2013,1,0.09,0.842365,5621,2,36,42,12,151,>14 y,"Passive, Adjusted",data\\TSAP_data\\shapefiles\\MGR_done\\Isotry_Poly.shp,-18.91151368,47.51567957,,"",>14 y,42,72.500638961792,49.7621965408325,1513,18.854167064031,0.448815777897835,0.111480074003339,0,1261,1.15294120855191,62.9856958389282,26.9383826255798,6.34595124423504,15.8324360847473,0.0592611860483885,0.204930830746889,5531.54896375868
Marks (2017),Africa,Madagascar,Isotry,2012,2013,1,,,8540,3,35,42,15,119,All,"Passive, Adjusted",data\\TSAP_data\\shapefiles\\MGR_done\\Isotry_Poly.shp,-18.91151368,47.51567957,,"",All,42,72.500638961792,49.7621965408325,1513,18.854167064031,0.448815777897835,0.111480074003339,0,1261,1.15294120855191,62.9856958389282,26.9383826255798,6.34595124423504,15.8324360847473,0.0592611860483885,0.204930830746889,5531.54896375868
Marks (2017),Africa,Senegal,Pikine,2011,2013,1,0.39,0.5932355,11194,0,0,0,,,0-1 y,"Passive, Adjusted",data\\shapefiles\\Dakar.shp,14.77115955,-17.34856515,,"",0-1 y,0,84.0127208380052,92.107295566135,503.333333333333,25.6027780108982,0.192896980930258,0.378079779354143,8.26539589442815,17.8441860465116,3.50389300239637,79.1645355224609,27.6657333491761,0.0301774122671765,7.56854698825398,0.0683885810459838,0.117625006279092,4200.30546057866
Marks (2017),Africa,Senegal,Pikine,2011,2013,1,0.37,0.6387325,15851,0,0,0,,,2-4 y,"Passive, Adjusted",data\\shapefiles\\Dakar.shp,14.77115955,-17.34856515,,"",2-4 y,0,84.0127208380052,92.107295566135,503.333333333333,25.6027780108982,0.192896980930258,0.378079779354143,8.26539589442815,17.8441860465116,3.50389300239637,79.1645355224609,27.6657333491761,0.0301774122671765,7.56854698825398,0.0683885810459838,0.117625006279092,4200.30546057866
Marks (2017),Africa,Senegal,Pikine,2011,2013,1,0.31,0.7012555,42577,3,7,32.41217857,,,5-14 y,"Passive, Adjusted",data\\shapefiles\\Dakar.shp,14.77115955,-17.34856515,,"",5-14 y,32.41217857,84.0127208380052,92.107295566135,503.333333333333,25.6027780108982,0.192896980930258,0.378079779354143,8.26539589442815,17.8441860465116,3.50389300239637,79.1645355224609,27.6657333491761,0.0301774122671765,7.56854698825398,0.0683885810459838,0.117625006279092,4200.30546057866
Marks (2017),Africa,Senegal,Pikine,2011,2013,1,0.3,0.79,83874,4,5,20.12260907,,,>14 y,"Passive, Adjusted",data\\shapefiles\\Dakar.shp,14.77115955,-17.34856515,,"",>14 y,20.12260907,84.0127208380052,92.107295566135,503.333333333333,25.6027780108982,0.192896980930258,0.378079779354143,8.26539589442815,17.8441860465116,3.50389300239637,79.1645355224609,27.6657333491761,0.0301774122671765,7.56854698825398,0.0683885810459838,0.117625006279092,4200.30546057866
Marks (2017),Africa,Senegal,Pikine,2011,2013,1,,,153496,7,5,,,,All,"Passive, Adjusted",data\\shapefiles\\Dakar.shp,14.77115955,-17.34856515,,"",All,,84.0127208380052,92.107295566135,503.333333333333,25.6027780108982,0.192896980930258,0.378079779354143,8.26539589442815,17.8441860465116,3.50389300239637,79.1645355224609,27.6657333491761,0.0301774122671765,7.56854698825398,0.0683885810459838,0.117625006279092,4200.30546057866
Marks (2017),Africa,South Africa,Pietermaritzburg,2012,2014,1,0.11,0.5932355,3035,0,0,0,,,0-1 y,"Passive, Adjusted",data\\TSAP_data\\shapefiles\\RSA_done\\Pitermaritzberg.shp,-29.63325129,30.36333612,,"",0-1 y,0,84.0411981435923,60.9948024100218,724.222222222222,17.2194448841943,0.285635581383338,31.3586890636346,10.2895204262877,1063.03682719547,8.00205832190757,79.8085125654172,22.1230225438873,12.685638831212,3.18188313662242,0.0322469688522128,0.0441954313084865,692.233868306395
Marks (2017),Africa,South Africa,Pietermaritzburg,2012,2014,1,0.07,0.6387325,3013,0,0,0,,,2-4 y,"Passive, Adjusted",data\\TSAP_data\\shapefiles\\RSA_done\\Pitermaritzberg.shp,-29.63325129,30.36333612,,"",2-4 y,0,84.0411981435923,60.9948024100218,724.222222222222,17.2194448841943,0.285635581383338,31.3586890636346,10.2895204262877,1063.03682719547,8.00205832190757,79.8085125654172,22.1230225438873,12.685638831212,3.18188313662242,0.0322469688522128,0.0441954313084865,692.233868306395
Marks (2017),Africa,South Africa,Pietermaritzburg,2012,2014,1,0.16,0.7012555,20537,0,0,0,,,5-14 y,"Passive, Adjusted",data\\TSAP_data\\shapefiles\\RSA_done\\Pitermaritzberg.shp,-29.63325129,30.36333612,,"",5-14 y,0,84.0411981435923,60.9948024100218,724.222222222222,17.2194448841943,0.285635581383338,31.3586890636346,10.2895204262877,1063.03682719547,8.00205832190757,79.8085125654172,22.1230225438873,12.685638831212,3.18188313662242,0.0322469688522128,0.0441954313084865,692.233868306395
Marks (2017),Africa,South Africa,Pietermaritzburg,2012,2014,1,0.15,0.79,88739,2,2,19.01941326,,,>14 y,"Passive, Adjusted",data\\TSAP_data\\shapefiles\\RSA_done\\Pitermaritzberg.shp,-29.63325129,30.36333612,,"",>14 y,19.01941326,84.0411981435923,60.9948024100218,724.222222222222,17.2194448841943,0.285635581383338,31.3586890636346,10.2895204262877,1063.03682719547,8.00205832190757,79.8085125654172,22.1230225438873,12.685638831212,3.18188313662242,0.0322469688522128,0.0441954313084865,692.233868306395
Marks (2017),Africa,South Africa,Pietermaritzburg,2012,2014,1,,,115344,2,2,,,,All,"Passive, Adjusted",data\\TSAP_data\\shapefiles\\RSA_done\\Pitermaritzberg.shp,-29.63325129,30.36333612,,"",All,,84.0411981435923,60.9948024100218,724.222222222222,17.2194448841943,0.285635581383338,31.3586890636346,10.2895204262877,1063.03682719547,8.00205832190757,79.8085125654172,22.1230225438873,12.685638831212,3.18188313662242,0.0322469688522128,0.0441954313084865,692.233868306395
Marks (2017),Africa,Sudan,East Wad Medani,2012,2013,1,0.23,0.023529,589,0,0,0,0,0,0-1 y,"Passive, Adjusted",data\\TSAP_data\\shapefiles\\SUD_done\\Studyarea_SUD.shp,14.38601485,33.53009231,,"",0-1 y,0,89.2706909179688,16.3270878791809,305,29.866666952769,0.350390166044235,0.550392910838127,0,402.666666666667,1.1246753540132,71.2184219360352,0.122059574350715,4.80766898393631,54.8338394165039,0.132841806858778,0.226702716201544,1708.43367143111
Marks (2017),Africa,Sudan,East Wad Medani,2012,2013,1,0.22,0.268519,857,0,0,0,0,0,2-4 y,"Passive, Adjusted",data\\TSAP_data\\shapefiles\\SUD_done\\Studyarea_SUD.shp,14.38601485,33.53009231,,"",2-4 y,0,89.2706909179688,16.3270878791809,305,29.866666952769,0.350390166044235,0.550392910838127,0,402.666666666667,1.1246753540132,71.2184219360352,0.122059574350715,4.80766898393631,54.8338394165039,0.132841806858778,0.226702716201544,1708.43367143111
Marks (2017),Africa,Sudan,East Wad Medani,2012,2013,1,0.25,0.683761,2999,0,0,0,0,0,5-14 y,"Passive, Adjusted",data\\TSAP_data\\shapefiles\\SUD_done\\Studyarea_SUD.shp,14.38601485,33.53009231,,"",5-14 y,0,89.2706909179688,16.3270878791809,305,29.866666952769,0.350390166044235,0.550392910838127,0,402.666666666667,1.1246753540132,71.2184219360352,0.122059574350715,4.80766898393631,54.8338394165039,0.132841806858778,0.226702716201544,1708.43367143111
Marks (2017),Africa,Sudan,East Wad Medani,2012,2013,1,0.29,0.891156,9525,0,0,0,0,0,>14 y,"Passive, Adjusted",data\\TSAP_data\\shapefiles\\SUD_done\\Studyarea_SUD.shp,14.38601485,33.53009231,,"",>14 y,0,89.2706909179688,16.3270878791809,305,29.866666952769,0.350390166044235,0.550392910838127,0,402.666666666667,1.1246753540132,71.2184219360352,0.122059574350715,4.80766898393631,54.8338394165039,0.132841806858778,0.226702716201544,1708.43367143111
Marks (2017),Africa,Sudan,East Wad Medani,2012,2013,1,,,13970,0,0,0,0,0,All,"Passive, Adjusted",data\\TSAP_data\\shapefiles\\SUD_done\\Studyarea_SUD.shp,14.38601485,33.53009231,,"",All,0,89.2706909179688,16.3270878791809,305,29.866666952769,0.350390166044235,0.550392910838127,0,402.666666666667,1.1246753540132,71.2184219360352,0.122059574350715,4.80766898393631,54.8338394165039,0.132841806858778,0.226702716201544,1708.43367143111
Marks (2017),Africa,Tanzania,Moshi Rural District,2011,2013,1,0.04,0.79,693,0,0,0,0,0,0-1 y,"Passive, Adjusted",data\\TSAP_data\\shapefiles\\TZN_done\\Moshi_Rural.shp,-3.294514809,37.36807876,,"",0-1 y,0,77.0635270400786,50.5718452023788,874.666666666667,21.5763891869121,0.298789003085642,2.85317973354284,39.0061087354918,1191.68058252427,13.9038331310176,61.9371600232214,14.3395399347717,12.293118019664,8.4249554408688,0.0313120727982599,0.126684075544977,291.51322638631
Marks (2017),Africa,Tanzania,Moshi Rural District,2011,2013,1,0.02,0.79,721,0,0,0,0,0,2-4 y,"Passive, Adjusted",data\\TSAP_data\\shapefiles\\TZN_done\\Moshi_Rural.shp,-3.294514809,37.36807876,,"",2-4 y,0,77.0635270400786,50.5718452023788,874.666666666667,21.5763891869121,0.298789003085642,2.85317973354284,39.0061087354918,1191.68058252427,13.9038331310176,61.9371600232214,14.3395399347717,12.293118019664,8.4249554408688,0.0313120727982599,0.126684075544977,291.51322638631
Marks (2017),Africa,Tanzania,Moshi Rural District,2011,2013,1,0.13,0.79,27508,4,15,18,8,44,5-14 y,"Passive, Adjusted",data\\TSAP_data\\shapefiles\\TZN_done\\Moshi_Rural.shp,-3.294514809,37.36807876,,"",5-14 y,18,77.0635270400786,50.5718452023788,874.666666666667,21.5763891869121,0.298789003085642,2.85317973354284,39.0061087354918,1191.68058252427,13.9038331310176,61.9371600232214,14.3395399347717,12.293118019664,8.4249554408688,0.0313120727982599,0.126684075544977,291.51322638631
Marks (2017),Africa,Tanzania,Moshi Rural District,2011,2013,1,0.02,0.79,9186,2,22,28,8,95,>14 y,"Passive, Adjusted",data\\TSAP_data\\shapefiles\\TZN_done\\Moshi_Rural.shp,-3.294514809,37.36807876,,"",>14 y,28,77.0635270400786,50.5718452023788,874.666666666667,21.5763891869121,0.298789003085642,2.85317973354284,39.0061087354918,1191.68058252427,13.9038331310176,61.9371600232214,14.3395399347717,12.293118019664,8.4249554408688,0.0313120727982599,0.126684075544977,291.51322638631
Marks (2017),Africa,Tanzania,Moshi Rural District,2011,2013,1,,,38108,6,16,20,10,41,All,"Passive, Adjusted",data\\TSAP_data\\shapefiles\\TZN_done\\Moshi_Rural.shp,-3.294514809,37.36807876,,"",All,20,77.0635270400786,50.5718452023788,874.666666666667,21.5763891869121,0.298789003085642,2.85317973354284,39.0061087354918,1191.68058252427,13.9038331310176,61.9371600232214,14.3395399347717,12.293118019664,8.4249554408688,0.0313120727982599,0.126684075544977,291.51322638631
Marks (2017),Africa,Tanzania,Moshi Urban District,2011,2013,1,0.07,0.79,595,0,0,0,0,0,0-1 y,"Passive, Adjusted",data\\TSAP_data\\shapefiles\\TZN_done\\Moshi_Urban.shp,-3.349910988,37.33649115,,"",0-1 y,0,86.8690319061279,70.5570502281189,830.333333333334,18.1611115932465,0.262780484432976,3.3051708539327,1.43055555555556,852.5,27.6930493690768,85.3275384902954,47.9203062852224,3.9339434094727,6.00968594352404,0.0307484855875373,0.118712028488517,2507.38662017679
Marks (2017),Africa,Tanzania,Moshi Urban District,2011,2013,1,0.02,0.79,618,5,809,1028,472,2237,2-4 y,"Passive, Adjusted",data\\TSAP_data\\shapefiles\\TZN_done\\Moshi_Urban.shp,-3.349910988,37.33649115,,"",2-4 y,1028,86.8690319061279,70.5570502281189,830.333333333334,18.1611115932465,0.262780484432976,3.3051708539327,1.43055555555556,852.5,27.6930493690768,85.3275384902954,47.9203062852224,3.9339434094727,6.00968594352404,0.0307484855875373,0.118712028488517,2507.38662017679
Marks (2017),Africa,Tanzania,Moshi Urban District,2011,2013,1,0.13,0.79,8615,7,81,103,54,199,5-14 y,"Passive, Adjusted",data\\TSAP_data\\shapefiles\\TZN_done\\Moshi_Urban.shp,-3.349910988,37.33649115,,"",5-14 y,103,86.8690319061279,70.5570502281189,830.333333333334,18.1611115932465,0.262780484432976,3.3051708539327,1.43055555555556,852.5,27.6930493690768,85.3275384902954,47.9203062852224,3.9339434094727,6.00968594352404,0.0307484855875373,0.118712028488517,2507.38662017679
Marks (2017),Africa,Tanzania,Moshi Urban District,2011,2013,1,0.02,0.79,3796,6,158,201,99,408,>14 y,"Passive, Adjusted",data\\TSAP_data\\shapefiles\\TZN_done\\Moshi_Urban.shp,-3.349910988,37.33649115,,"",>14 y,201,86.8690319061279,70.5570502281189,830.333333333334,18.1611115932465,0.262780484432976,3.3051708539327,1.43055555555556,852.5,27.6930493690768,85.3275384902954,47.9203062852224,3.9339434094727,6.00968594352404,0.0307484855875373,0.118712028488517,2507.38662017679
Marks (2017),Africa,Tanzania,Moshi Urban District,2011,2013,1,,,13626,18,132,168,111,253,All,"Passive, Adjusted",data\\TSAP_data\\shapefiles\\TZN_done\\Moshi_Urban.shp,-3.349910988,37.33649115,,"",All,168,86.8690319061279,70.5570502281189,830.333333333334,18.1611115932465,0.262780484432976,3.3051708539327,1.43055555555556,852.5,27.6930493690768,85.3275384902954,47.9203062852224,3.9339434094727,6.00968594352404,0.0307484855875373,0.118712028488517,2507.38662017679
Marks (2022),Africa,Burkina Faso,Nioko and Polesgo,2016,2019,0.6,,,16050,0,0,0,,,0-1 y,"Passive, Adjusted",data\\SETA_data\\shapefiles\\BKF\\NIOKO_II.shp,12.43,-1.49,100,data\\SETA_data\\shapefiles\\BKF\\POLESGO.shp,0-1 y,0,99.9929523468018,99.2688388824463,766.75,29.0729170242945,0.19436614587903,0.881697937846184,0.3,289.333333333333,6.24545463889536,99.9103450775146,85.5488090515137,0.000178851751115872,0.0552331460639834,0.120423341169953,0.164642013609409,1716.88457211581
Marks (2022),Africa,Burkina Faso,Nioko and Polesgo,2016,2019,0.6,,,13770,2,14.5,1699,188,6366,2-4 y,"Passive, Adjusted",data\\SETA_data\\shapefiles\\BKF\\NIOKO_II.shp,12.43,-1.49,100,data\\SETA_data\\shapefiles\\BKF\\POLESGO.shp,2-4 y,1019.4,99.9929523468018,99.2688388824463,766.75,29.0729170242945,0.19436614587903,0.881697937846184,0.3,289.333333333333,6.24545463889536,99.9103450775146,85.5488090515137,0.000178851751115872,0.0552331460639834,0.120423341169953,0.164642013609409,1716.88457211581
Marks (2022),Africa,Burkina Faso,Nioko and Polesgo,2016,2019,0.6,,,31180,4,12.8,2493,546,8333,5-14 y,"Passive, Adjusted",data\\SETA_data\\shapefiles\\BKF\\NIOKO_II.shp,12.43,-1.49,100,data\\SETA_data\\shapefiles\\BKF\\POLESGO.shp,5-14 y,1495.8,99.9929523468018,99.2688388824463,766.75,29.0729170242945,0.19436614587903,0.881697937846184,0.3,289.333333333333,6.24545463889536,99.9103450775146,85.5488090515137,0.000178851751115872,0.0552331460639834,0.120423341169953,0.164642013609409,1716.88457211581
Marks (2022),Africa,Burkina Faso,Nioko and Polesgo,2016,2019,0.6,,,69710,5,7.2,779,236,2201,>14 y,"Passive, Adjusted",data\\SETA_data\\shapefiles\\BKF\\NIOKO_II.shp,12.43,-1.49,100,data\\SETA_data\\shapefiles\\BKF\\POLESGO.shp,>14 y,467.4,99.9929523468018,99.2688388824463,766.75,29.0729170242945,0.19436614587903,0.881697937846184,0.3,289.333333333333,6.24545463889536,99.9103450775146,85.5488090515137,0.000178851751115872,0.0552331460639834,0.120423341169953,0.164642013609409,1716.88457211581
Marks (2022),Africa,Burkina Faso,Nioko and Polesgo,2016,2019,0.6,,,130700,11,8.4,1189,490,2940,All,"Passive, Adjusted",data\\SETA_data\\shapefiles\\BKF\\NIOKO_II.shp,12.43,-1.49,100,data\\SETA_data\\shapefiles\\BKF\\POLESGO.shp,All,713.4,99.9929523468018,99.2688388824463,766.75,29.0729170242945,0.19436614587903,0.881697937846184,0.3,289.333333333333,6.24545463889536,99.9103450775146,85.5488090515137,0.000178851751115872,0.0552331460639834,0.120423341169953,0.164642013609409,1716.88457211581
Marks (2022),Africa,Democratic Republic of the Congo,Kavuaya and Nkandu 1,2017,2020,0.6,,,11740,3,25.6,608,90,3251,0-1 y,"Passive, Adjusted",data\\SETA_data\\shapefiles\\DRC\\Kavuaya_Nkandu.shp,-5.1,15.11,400,"",0-1 y,364.8,23.3151734670003,13.3726889292399,1776,24.2833337783814,0.378939916690191,0.388311381141345,13.8838709677419,550.216494845361,43.4969704690494,3.32495820646485,1.18909918268522,3.44841775298119,54.1772527694702,0.0782927622397741,0.235578119754791,216.337169727202
Marks (2022),Africa,Democratic Republic of the Congo,Kavuaya and Nkandu 1,2017,2020,0.6,,,16400,7,42.7,507,257,1079,2-4 y,"Passive, Adjusted",data\\SETA_data\\shapefiles\\DRC\\Kavuaya_Nkandu.shp,-5.1,15.11,400,"",2-4 y,304.2,23.3151734670003,13.3726889292399,1776,24.2833337783814,0.378939916690191,0.388311381141345,13.8838709677419,550.216494845361,43.4969704690494,3.32495820646485,1.18909918268522,3.44841775298119,54.1772527694702,0.0782927622397741,0.235578119754791,216.337169727202
Marks (2022),Africa,Democratic Republic of the Congo,Kavuaya and Nkandu 1,2017,2020,0.6,,,49480,26,52.5,545,423,694,5-14 y,"Passive, Adjusted",data\\SETA_data\\shapefiles\\DRC\\Kavuaya_Nkandu.shp,-5.1,15.11,400,"",5-14 y,327,23.3151734670003,13.3726889292399,1776,24.2833337783814,0.378939916690191,0.388311381141345,13.8838709677419,550.216494845361,43.4969704690494,3.32495820646485,1.18909918268522,3.44841775298119,54.1772527694702,0.0782927622397741,0.235578119754791,216.337169727202
Marks (2022),Africa,Democratic Republic of the Congo,Kavuaya and Nkandu 1,2017,2020,0.6,,,91960,15,16.3,181,130,252,>14 y,"Passive, Adjusted",data\\SETA_data\\shapefiles\\DRC\\Kavuaya_Nkandu.shp,-5.1,15.11,400,"",>14 y,108.6,23.3151734670003,13.3726889292399,1776,24.2833337783814,0.378939916690191,0.388311381141345,13.8838709677419,550.216494845361,43.4969704690494,3.32495820646485,1.18909918268522,3.44841775298119,54.1772527694702,0.0782927622397741,0.235578119754791,216.337169727202
Marks (2022),Africa,Democratic Republic of the Congo,Kavuaya and Nkandu 1,2017,2020,0.6,,,169600,51,30.1,348,259,553,All,"Passive, Adjusted",data\\SETA_data\\shapefiles\\DRC\\Kavuaya_Nkandu.shp,-5.1,15.11,400,"",All,208.8,23.3151734670003,13.3726889292399,1776,24.2833337783814,0.378939916690191,0.388311381141345,13.8838709677419,550.216494845361,43.4969704690494,3.32495820646485,1.18909918268522,3.44841775298119,54.1772527694702,0.0782927622397741,0.235578119754791,216.337169727202
Marks (2022),Africa,Ethiopia,Sodo,2017,2019,0.6,,,14850,0,0,0,,,0-1 y,"Passive, Adjusted",data\\SETA_data\\shapefiles\\ETH\\sodo_adama.shp,8.4475,39.22,,"",0-1 y,0,80.5488632343434,19.6892579661475,888.4,19.5208336909612,0.426316177403485,1.03853616891084,30.9811320754717,1759.3900462963,22.1289517846573,57.9107966599641,1.37767868047511,6.85818277332508,15.530290565281,0.0778258611206655,0.186202039735185,621.687130330515
Marks (2022),Africa,Ethiopia,Sodo,2017,2019,0.6,,,30410,0,0,0,,,2-4 y,"Passive, Adjusted",data\\SETA_data\\shapefiles\\ETH\\sodo_adama.shp,8.4475,39.22,,"",2-4 y,0,80.5488632343434,19.6892579661475,888.4,19.5208336909612,0.426316177403485,1.03853616891084,30.9811320754717,1759.3900462963,22.1289517846573,57.9107966599641,1.37767868047511,6.85818277332508,15.530290565281,0.0778258611206655,0.186202039735185,621.687130330515
Marks (2022),Africa,Ethiopia,Sodo,2017,2019,0.6,,,93530,5,5.3,54,19,178,5-14 y,"Passive, Adjusted",data\\SETA_data\\shapefiles\\ETH\\sodo_adama.shp,8.4475,39.22,,"",5-14 y,32.4,80.5488632343434,19.6892579661475,888.4,19.5208336909612,0.426316177403485,1.03853616891084,30.9811320754717,1759.3900462963,22.1289517846573,57.9107966599641,1.37767868047511,6.85818277332508,15.530290565281,0.0778258611206655,0.186202039735185,621.687130330515
Marks (2022),Africa,Ethiopia,Sodo,2017,2019,0.6,,,151100,2,1.3,12,3,40,>14 y,"Passive, Adjusted",data\\SETA_data\\shapefiles\\ETH\\sodo_adama.shp,8.4475,39.22,,"",>14 y,7.2,80.5488632343434,19.6892579661475,888.4,19.5208336909612,0.426316177403485,1.03853616891084,30.9811320754717,1759.3900462963,22.1289517846573,57.9107966599641,1.37767868047511,6.85818277332508,15.530290565281,0.0778258611206655,0.186202039735185,621.687130330515
Marks (2022),Africa,Ethiopia,Sodo,2017,2019,0.6,,,289900,7,2.4,23,10,67,All,"Passive, Adjusted",data\\SETA_data\\shapefiles\\ETH\\sodo_adama.shp,8.4475,39.22,,"",All,13.8,80.5488632343434,19.6892579661475,888.4,19.5208336909612,0.426316177403485,1.03853616891084,30.9811320754717,1759.3900462963,22.1289517846573,57.9107966599641,1.37767868047511,6.85818277332508,15.530290565281,0.0778258611206655,0.186202039735185,621.687130330515
Marks (2022),Africa,Ghana,Agogo,2016,2019,0.6,,,50450,2,4,44,10,162,0-1 y,"Passive, Adjusted",data\\SETA_data\\shapefiles\\GHA\\AAN_whole.shp,6.795175,-1.085461,,"",0-1 y,26.4,85.0080364111698,46.5209793719378,1260.25,27.519583717982,0.217560047057993,1.51416789627436,84.4730861244019,229.444976076555,22.076546882741,31.2834395007654,5.59983385905578,10.5219927681548,37.8313949848666,0.0626499202723305,0.118102266820091,87.3321757814009
Marks (2022),Africa,Ghana,Agogo,2016,2019,0.6,,,36360,8,22,286,152,570,2-4 y,"Passive, Adjusted",data\\SETA_data\\shapefiles\\GHA\\AAN_whole.shp,6.795175,-1.085461,,"",2-4 y,171.6,85.0080364111698,46.5209793719378,1260.25,27.519583717982,0.217560047057993,1.51416789627436,84.4730861244019,229.444976076555,22.076546882741,31.2834395007654,5.59983385905578,10.5219927681548,37.8313949848666,0.0626499202723305,0.118102266820091,87.3321757814009
Marks (2022),Africa,Ghana,Agogo,2016,2019,0.6,,,154800,42,27.1,280,227,358,5-14 y,"Passive, Adjusted",data\\SETA_data\\shapefiles\\GHA\\AAN_whole.shp,6.795175,-1.085461,,"",5-14 y,168,85.0080364111698,46.5209793719378,1260.25,27.519583717982,0.217560047057993,1.51416789627436,84.4730861244019,229.444976076555,22.076546882741,31.2834395007654,5.59983385905578,10.5219927681548,37.8313949848666,0.0626499202723305,0.118102266820091,87.3321757814009
Marks (2022),Africa,Ghana,Agogo,2016,2019,0.6,,,370000,8,2.2,33,16,103,>14 y,"Passive, Adjusted",data\\SETA_data\\shapefiles\\GHA\\AAN_whole.shp,6.795175,-1.085461,,"",>14 y,19.8,85.0080364111698,46.5209793719378,1260.25,27.519583717982,0.217560047057993,1.51416789627436,84.4730861244019,229.444976076555,22.076546882741,31.2834395007654,5.59983385905578,10.5219927681548,37.8313949848666,0.0626499202723305,0.118102266820091,87.3321757814009
Marks (2022),Africa,Ghana,Agogo,2016,2019,0.6,,,611600,60,9.8,112,84,164,All,"Passive, Adjusted",data\\SETA_data\\shapefiles\\GHA\\AAN_whole.shp,6.795175,-1.085461,,"",All,67.2,85.0080364111698,46.5209793719378,1260.25,27.519583717982,0.217560047057993,1.51416789627436,84.4730861244019,229.444976076555,22.076546882741,31.2834395007654,5.59983385905578,10.5219927681548,37.8313949848666,0.0626499202723305,0.118102266820091,87.3321757814009
Marks (2022),Africa,Madagascar,Imerintsiatosika,2016,2019,0.6,,,14350,0,0,0,,,0-1 y,"Passive, Adjusted",data\\SETA_data\\shapefiles\\MGR\\Imeritsiatosika_poly.shp,-18.97915051,47.32708816,,"",0-1 y,0,83.2464829550849,24.7331694530116,1250.75,18.7083337903023,0.546116073512369,0.0693967107993861,38.6696428571429,1338.27464788732,13.2280989949497,32.4520408246252,0.688666036611216,0.976069032990684,4.95022965429558,0.073797718828751,0.279801761938466,193.757569460092
Marks (2022),Africa,Madagascar,Imerintsiatosika,2016,2019,0.6,,,17820,1,5.6,84,10,649,2-4 y,"Passive, Adjusted",data\\SETA_data\\shapefiles\\MGR\\Imeritsiatosika_poly.shp,-18.97915051,47.32708816,,"",2-4 y,50.4,83.2464829550849,24.7331694530116,1250.75,18.7083337903023,0.546116073512369,0.0693967107993861,38.6696428571429,1338.27464788732,13.2280989949497,32.4520408246252,0.688666036611216,0.976069032990684,4.95022965429558,0.073797718828751,0.279801761938466,193.757569460092
Marks (2022),Africa,Madagascar,Imerintsiatosika,2016,2019,0.6,,,30480,16,52.5,263,198,348,5-14 y,"Passive, Adjusted",data\\SETA_data\\shapefiles\\MGR\\Imeritsiatosika_poly.shp,-18.97915051,47.32708816,,"",5-14 y,157.8,83.2464829550849,24.7331694530116,1250.75,18.7083337903023,0.546116073512369,0.0693967107993861,38.6696428571429,1338.27464788732,13.2280989949497,32.4520408246252,0.688666036611216,0.976069032990684,4.95022965429558,0.073797718828751,0.279801761938466,193.757569460092
Marks (2022),Africa,Madagascar,Imerintsiatosika,2016,2019,0.6,,,116300,32,27.5,177,144,219,>14 y,"Passive, Adjusted",data\\SETA_data\\shapefiles\\MGR\\Imeritsiatosika_poly.shp,-18.97915051,47.32708816,,"",>14 y,106.2,83.2464829550849,24.7331694530116,1250.75,18.7083337903023,0.546116073512369,0.0693967107993861,38.6696428571429,1338.27464788732,13.2280989949497,32.4520408246252,0.688666036611216,0.976069032990684,4.95022965429558,0.073797718828751,0.279801761938466,193.757569460092
Marks (2022),Africa,Madagascar,Imerintsiatosika,2016,2019,0.6,,,178900,49,27.4,168,135,233,All,"Passive, Adjusted",data\\SETA_data\\shapefiles\\MGR\\Imeritsiatosika_poly.shp,-18.97915051,47.32708816,,"",All,100.8,83.2464829550849,24.7331694530116,1250.75,18.7083337903023,0.546116073512369,0.0693967107993861,38.6696428571429,1338.27464788732,13.2280989949497,32.4520408246252,0.688666036611216,0.976069032990684,4.95022965429558,0.073797718828751,0.279801761938466,193.757569460092
Marks (2022),Africa,Madagascar,Mahajanga,2018,2019,0.6,,,1354,0,0,0,,,0-1 y,"Passive, Adjusted",data\\SETA_data\\shapefiles\\MGR\\Mahajanga.shp,-15.67063976,46.34061737,400,"",0-1 y,0,41.5764641575191,10.9944189641787,1510.36363636364,27.0016671180725,0.40059210891309,0.258190216611972,183.706596592968,51.4247887323944,6.37537016014949,16.0729886412621,1.08308063359607,20.429120205278,65.2862180958624,0.114206715802784,0.266144712269306,63.5799745579309
Marks (2022),Africa,Madagascar,Mahajanga,2018,2019,0.6,,,1724,0,0,0,,,2-4 y,"Passive, Adjusted",data\\SETA_data\\shapefiles\\MGR\\Mahajanga.shp,-15.67063976,46.34061737,400,"",2-4 y,0,41.5764641575191,10.9944189641787,1510.36363636364,27.0016671180725,0.40059210891309,0.258190216611972,183.706596592968,51.4247887323944,6.37537016014949,16.0729886412621,1.08308063359607,20.429120205278,65.2862180958624,0.114206715802784,0.266144712269306,63.5799745579309
Marks (2022),Africa,Madagascar,Mahajanga,2018,2019,0.6,,,5313,1,18.8,400,34,2690,5-14 y,"Passive, Adjusted",data\\SETA_data\\shapefiles\\MGR\\Mahajanga.shp,-15.67063976,46.34061737,400,"",5-14 y,240,41.5764641575191,10.9944189641787,1510.36363636364,27.0016671180725,0.40059210891309,0.258190216611972,183.706596592968,51.4247887323944,6.37537016014949,16.0729886412621,1.08308063359607,20.429120205278,65.2862180958624,0.114206715802784,0.266144712269306,63.5799745579309
Marks (2022),Africa,Madagascar,Mahajanga,2018,2019,0.6,,,11730,0,0,0,,,>14 y,"Passive, Adjusted",data\\SETA_data\\shapefiles\\MGR\\Mahajanga.shp,-15.67063976,46.34061737,400,"",>14 y,0,41.5764641575191,10.9944189641787,1510.36363636364,27.0016671180725,0.40059210891309,0.258190216611972,183.706596592968,51.4247887323944,6.37537016014949,16.0729886412621,1.08308063359607,20.429120205278,65.2862180958624,0.114206715802784,0.266144712269306,63.5799745579309
Marks (2022),Africa,Madagascar,Mahajanga,2018,2019,0.6,,,20120,1,5,106,9,710,All,"Passive, Adjusted",data\\SETA_data\\shapefiles\\MGR\\Mahajanga.shp,-15.67063976,46.34061737,400,"",All,63.6,41.5764641575191,10.9944189641787,1510.36363636364,27.0016671180725,0.40059210891309,0.258190216611972,183.706596592968,51.4247887323944,6.37537016014949,16.0729886412621,1.08308063359607,20.429120205278,65.2862180958624,0.114206715802784,0.266144712269306,63.5799745579309
Marks (2022),Africa,Nigeria,Ibadan,2017,2019,0.6,,,383800,2,0.5,160,4,947,0-1 y,"Passive, Adjusted",data\\SETA_data\\shapefiles\\NGR\\ibadan2.shp,7.39,3.9,,"",0-1 y,96,93.5594085693359,67.5434482574463,1069,27.7916668256124,0.218024279177189,2.791916680336,0,193.372549019608,7.1013803838902,9.69591201543808,32.7753202438355,1.39643631531515,31.7687541365624,0.0829530119895935,0.162148080766201,11849.8733203743
Marks (2022),Africa,Nigeria,Ibadan,2017,2019,0.6,,,817000,10,1.2,93,41,189,2-4 y,"Passive, Adjusted",data\\SETA_data\\shapefiles\\NGR\\ibadan2.shp,7.39,3.9,,"",2-4 y,55.8,93.5594085693359,67.5434482574463,1069,27.7916668256124,0.218024279177189,2.791916680336,0,193.372549019608,7.1013803838902,9.69591201543808,32.7753202438355,1.39643631531515,31.7687541365624,0.0829530119895935,0.162148080766201,11849.8733203743
Marks (2022),Africa,Nigeria,Ibadan,2017,2019,0.6,,,2084000,47,2.3,106,82,139,5-14 y,"Passive, Adjusted",data\\SETA_data\\shapefiles\\NGR\\ibadan2.shp,7.39,3.9,,"",5-14 y,63.6,93.5594085693359,67.5434482574463,1069,27.7916668256124,0.218024279177189,2.791916680336,0,193.372549019608,7.1013803838902,9.69591201543808,32.7753202438355,1.39643631531515,31.7687541365624,0.0829530119895935,0.162148080766201,11849.8733203743
Marks (2022),Africa,Nigeria,Ibadan,2017,2019,0.6,,,5873000,6,0.1,5,2,11,>14 y,"Passive, Adjusted",data\\SETA_data\\shapefiles\\NGR\\ibadan2.shp,7.39,3.9,,"",>14 y,3,93.5594085693359,67.5434482574463,1069,27.7916668256124,0.218024279177189,2.791916680336,0,193.372549019608,7.1013803838902,9.69591201543808,32.7753202438355,1.39643631531515,31.7687541365624,0.0829530119895935,0.162148080766201,11849.8733203743
Marks (2022),Africa,Nigeria,Ibadan,2017,2019,0.6,,,9158000,65,0.7,42,28,77,All,"Passive, Adjusted",data\\SETA_data\\shapefiles\\NGR\\ibadan2.shp,7.39,3.9,,"",All,25.2,93.5594085693359,67.5434482574463,1069,27.7916668256124,0.218024279177189,2.791916680336,0,193.372549019608,7.1013803838902,9.69591201543808,32.7753202438355,1.39643631531515,31.7687541365624,0.0829530119895935,0.162148080766201,11849.8733203743
Meiring (2021),Africa,Malawi,Ndirande,2016,2018,0.59,,,6832,1,20,,,,0 y,"Passive, Adjusted","",-15.77,35.04,3,"",0 y,,99.8697814941406,50.1990483601888,1035.66666666667,22.055555873447,0.364963889122009,15.1244773864746,0,1163.42857142857,2.37647062306311,98.6763865152995,14.7815866470337,0.0234884495536486,0.303282171487808,0.0273571374515692,0.105584482351939,10835.9180802432
Meiring (2021),Africa,Malawi,Ndirande,2016,2018,0.59,,,28833,24,83,632,398,965,0-4 y,"Passive, Adjusted","",-15.77,35.04,3,"",0-4 y,372.88,99.8697814941406,50.1990483601888,1035.66666666667,22.055555873447,0.364963889122009,15.1244773864746,0,1163.42857142857,2.37647062306311,98.6763865152995,14.7815866470337,0.0234884495536486,0.303282171487808,0.0273571374515692,0.105584482351939,10835.9180802432
Meiring (2021),Africa,Malawi,Ndirande,2016,2018,0.59,,,6270,1,20,,,,1 y,"Passive, Adjusted","",-15.77,35.04,3,"",1 y,,99.8697814941406,50.1990483601888,1035.66666666667,22.055555873447,0.364963889122009,15.1244773864746,0,1163.42857142857,2.37647062306311,98.6763865152995,14.7815866470337,0.0234884495536486,0.303282171487808,0.0273571374515692,0.105584482351939,10835.9180802432
Meiring (2021),Africa,Malawi,Ndirande,2016,2018,0.59,,,26205,23,88,602,377,915,10-14 y,"Passive, Adjusted","",-15.77,35.04,3,"",10-14 y,355.18,99.8697814941406,50.1990483601888,1035.66666666667,22.055555873447,0.364963889122009,15.1244773864746,0,1163.42857142857,2.37647062306311,98.6763865152995,14.7815866470337,0.0234884495536486,0.303282171487808,0.0273571374515692,0.105584482351939,10835.9180802432
Meiring (2021),Africa,Malawi,Ndirande,2016,2018,0.59,,,66357,21,32,361,219,567,15-29 y,"Passive, Adjusted","",-15.77,35.04,3,"",15-29 y,212.99,99.8697814941406,50.1990483601888,1035.66666666667,22.055555873447,0.364963889122009,15.1244773864746,0,1163.42857142857,2.37647062306311,98.6763865152995,14.7815866470337,0.0234884495536486,0.303282171487808,0.0273571374515692,0.105584482351939,10835.9180802432
Meiring (2021),Africa,Malawi,Ndirande,2016,2018,0.59,,,5140,6,124,,,,2 y,"Passive, Adjusted","",-15.77,35.04,3,"",2 y,,99.8697814941406,50.1990483601888,1035.66666666667,22.055555873447,0.364963889122009,15.1244773864746,0,1163.42857142857,2.37647062306311,98.6763865152995,14.7815866470337,0.0234884495536486,0.303282171487808,0.0273571374515692,0.105584482351939,10835.9180802432
Meiring (2021),Africa,Malawi,Ndirande,2016,2018,0.59,,,5372,6,110,,,,3 y,"Passive, Adjusted","",-15.77,35.04,3,"",3 y,,99.8697814941406,50.1990483601888,1035.66666666667,22.055555873447,0.364963889122009,15.1244773864746,0,1163.42857142857,2.37647062306311,98.6763865152995,14.7815866470337,0.0234884495536486,0.303282171487808,0.0273571374515692,0.105584482351939,10835.9180802432
Meiring (2021),Africa,Malawi,Ndirande,2016,2018,0.59,,,42662,,,,,,30-49 y,"Passive, Adjusted","",-15.77,35.04,3,"",30-49 y,,99.8697814941406,50.1990483601888,1035.66666666667,22.055555873447,0.364963889122009,15.1244773864746,0,1163.42857142857,2.37647062306311,98.6763865152995,14.7815866470337,0.0234884495536486,0.303282171487808,0.0273571374515692,0.105584482351939,10835.9180802432
Meiring (2021),Africa,Malawi,Ndirande,2016,2018,0.59,,,5220,10,190,,,,4 y,"Passive, Adjusted","",-15.77,35.04,3,"",4 y,,99.8697814941406,50.1990483601888,1035.66666666667,22.055555873447,0.364963889122009,15.1244773864746,0,1163.42857142857,2.37647062306311,98.6763865152995,14.7815866470337,0.0234884495536486,0.303282171487808,0.0273571374515692,0.105584482351939,10835.9180802432
Meiring (2021),Africa,Malawi,Ndirande,2016,2018,0.59,,,51565,,,729.3778726,,,5-14 y,"Passive, Adjusted","",-15.77,35.04,3,"",5-14 y,430.3329448,99.8697814941406,50.1990483601888,1035.66666666667,22.055555873447,0.364963889122009,15.1244773864746,0,1163.42857142857,2.37647062306311,98.6763865152995,14.7815866470337,0.0234884495536486,0.303282171487808,0.0273571374515692,0.105584482351939,10835.9180802432
Meiring (2021),Africa,Malawi,Ndirande,2016,2018,0.59,,,25360,37,146,861,599,1203,5-9 y,"Passive, Adjusted","",-15.77,35.04,3,"",5-9 y,507.99,99.8697814941406,50.1990483601888,1035.66666666667,22.055555873447,0.364963889122009,15.1244773864746,0,1163.42857142857,2.37647062306311,98.6763865152995,14.7815866470337,0.0234884495536486,0.303282171487808,0.0273571374515692,0.105584482351939,10835.9180802432
Meiring (2021),Africa,Malawi,Ndirande,2016,2018,0.59,,,119617,,,310.6862486,,,>14 y,"Passive, Adjusted","",-15.77,35.04,3,"",>14 y,183.3048867,99.8697814941406,50.1990483601888,1035.66666666667,22.055555873447,0.364963889122009,15.1244773864746,0,1163.42857142857,2.37647062306311,98.6763865152995,14.7815866470337,0.0234884495536486,0.303282171487808,0.0273571374515692,0.105584482351939,10835.9180802432
Meiring (2021),Africa,Malawi,Ndirande,2016,2018,0.59,,,,11,21,248,124,447,>30 y,"Passive, Adjusted","",-15.77,35.04,3,"",>30 y,146.32,99.8697814941406,50.1990483601888,1035.66666666667,22.055555873447,0.364963889122009,15.1244773864746,0,1163.42857142857,2.37647062306311,98.6763865152995,14.7815866470337,0.0234884495536486,0.303282171487808,0.0273571374515692,0.105584482351939,10835.9180802432
Meiring (2021),Africa,Malawi,Ndirande,2016,2018,0.59,,,10598,,,,,,>49 y,"Passive, Adjusted","",-15.77,35.04,3,"",>49 y,,99.8697814941406,50.1990483601888,1035.66666666667,22.055555873447,0.364963889122009,15.1244773864746,0,1163.42857142857,2.37647062306311,98.6763865152995,14.7815866470337,0.0234884495536486,0.303282171487808,0.0273571374515692,0.105584482351939,10835.9180802432
Meiring (2021),Africa,Malawi,Ndirande,2016,2018,0.59,,,,,58,444,347,717,All,"Passive, Adjusted","",-15.77,35.04,3,"",All,261.96,99.8697814941406,50.1990483601888,1035.66666666667,22.055555873447,0.364963889122009,15.1244773864746,0,1163.42857142857,2.37647062306311,98.6763865152995,14.7815866470337,0.0234884495536486,0.303282171487808,0.0273571374515692,0.105584482351939,10835.9180802432
Nielsen (2012),Africa,Ghana,Asante Akim North,2007,2009,1,,,,17,,330,180,490,0-4 y,"Passive, Adjusted",data\\TSAP_data\\shapefiles\\GHA_done\\AshantiAkimNorth.shp,6.795175,-1.085461,,"",0-4 y,330,81.1857323309388,53.3506004015605,1517.5,27.0327781147427,0.342578723876163,2.133576245621,85.5509391007399,223.04189435337,22.1955484872731,37.2415483335052,3.20411761412856,13.781017747068,32.635140989766,0.0950443671658786,0.187844548186268,79.6897514912025
Srikantiah (2006),Africa,Egypt,Fayoum,2002,2002,0.5,,,366666.6667,,,6,,,0-4 y,"Passive, Adjusted","",29.31174,30.84402,6600,"",0-4 y,3,99.5650260128192,95.4933379159045,4.93939393939394,21.9375004470348,0.29361811484376,0.1,95.3669274871092,124.417682225799,15.9846547245539,86.4183289878307,84.1125525857753,0.0541976509062457,4.3223964529522,0.0577778022651259,0.104210047927349,280.775210223386
Srikantiah (2006),Africa,Egypt,Fayoum,2002,2002,0.5,,,280625,,,160,,,10-14 y,"Passive, Adjusted","",29.31174,30.84402,6600,"",10-14 y,80,99.5650260128192,95.4933379159045,4.93939393939394,21.9375004470348,0.29361811484376,0.1,95.3669274871092,124.417682225799,15.9846547245539,86.4183289878307,84.1125525857753,0.0541976509062457,4.3223964529522,0.0577778022651259,0.104210047927349,280.775210223386
Srikantiah (2006),Africa,Egypt,Fayoum,2002,2002,0.5,,,575030.5944,,,151.2962977,,,5-14 y,"Passive, Adjusted","",29.31174,30.84402,6600,"",5-14 y,75.64814885,99.5650260128192,95.4933379159045,4.93939393939394,21.9375004470348,0.29361811484376,0.1,95.3669274871092,124.417682225799,15.9846547245539,86.4183289878307,84.1125525857753,0.0541976509062457,4.3223964529522,0.0577778022651259,0.104210047927349,280.775210223386
Srikantiah (2006),Africa,Egypt,Fayoum,2002,2002,0.5,,,294405.5944,,,143,,,5-9 y,"Passive, Adjusted","",29.31174,30.84402,6600,"",5-9 y,71.5,99.5650260128192,95.4933379159045,4.93939393939394,21.9375004470348,0.29361811484376,0.1,95.3669274871092,124.417682225799,15.9846547245539,86.4183289878307,84.1125525857753,0.0541976509062457,4.3223964529522,0.0577778022651259,0.104210047927349,280.775210223386
Srikantiah (2006),Africa,Egypt,Fayoum,2002,2002,0.5,,,1294117.647,,,34,,,>14 y,"Passive, Adjusted","",29.31174,30.84402,6600,"",>14 y,17,99.5650260128192,95.4933379159045,4.93939393939394,21.9375004470348,0.29361811484376,0.1,95.3669274871092,124.417682225799,15.9846547245539,86.4183289878307,84.1125525857753,0.0541976509062457,4.3223964529522,0.0577778022651259,0.104210047927349,280.775210223386
Thriemer (2012),Africa,Tanzania,Pemba Island,2010,2010,0.5,0.106,0.736,127848,4,3,84,69,101,0-5 y,"Passive, Adjusted","",-5.160501,39.78313,1200,"",0-5 y,42,74.2314259616696,31.4788795490654,1537,26.6750003496806,0.380988617940825,0.349413752555847,233.036062378168,22.5197368421053,0.607746383250343,66.4774909243529,9.86612126185578,0.791132410684106,61.4844430320117,0.0901021898096922,0.215849033423833,313.406319290028
Thriemer (2012),Africa,Tanzania,Pemba Island,2010,2010,0.5,0.106,0.736,128917,5,4,101,86,121,6-15 y,"Passive, Adjusted","",-5.160501,39.78313,1200,"",5-14 y,50.5,74.2314259616696,31.4788795490654,1537,26.6750003496806,0.380988617940825,0.349413752555847,233.036062378168,22.5197368421053,0.607746383250343,66.4774909243529,9.86612126185578,0.791132410684106,61.4844430320117,0.0901021898096922,0.215849033423833,313.406319290028
Thriemer (2012),Africa,Tanzania,Pemba Island,2010,2010,0.5,0.106,0.736,243835,12,5,128,115,143,>15 y,"Passive, Adjusted","",-5.160501,39.78313,1200,"",>14 y,64,74.2314259616696,31.4788795490654,1537,26.6750003496806,0.380988617940825,0.349413752555847,233.036062378168,22.5197368421053,0.607746383250343,66.4774909243529,9.86612126185578,0.791132410684106,61.4844430320117,0.0901021898096922,0.215849033423833,313.406319290028
Thriemer (2012),Africa,Tanzania,Pemba Island,2010,2010,0.5,0.106,0.736,500600,21,4,110,102,120,All,"Passive, Adjusted","",-5.160501,39.78313,1200,"",All,55,74.2314259616696,31.4788795490654,1537,26.6750003496806,0.380988617940825,0.349413752555847,233.036062378168,22.5197368421053,0.607746383250343,66.4774909243529,9.86612126185578,0.791132410684106,61.4844430320117,0.0901021898096922,0.215849033423833,313.406319290028
