Country,Site,Latitude,Longitude,Year_Observation_Began,Year_Observation_Ended,Age_Group_Edit,Standardized_IR_100000_Year,REF,improved_water,improved_sanitation,annual_rainfall,annual_mean_temp,stunting_prev,HIV_prev,travel_time_city,elevation,distance_water,piped_water,piped_sanitation,surface_water,open_defecation,wasting,underweight,pop_size
Kenya,Kibera,-1.311269979,36.78800114,2007,2009,0-1 y,821.5,Breiman (2012),99.84660721,23.40606594,574.6666667,18.96111144,0.319271058,7.78017513,0,1722.666667,23.93333371,86.30803172,6.24311928,0.029448281,32.89088694,0.03697818,0.095144442,24008.39591
Kenya,Kibera,-1.311269979,36.78800114,2007,2009,10-17 y,869.9,Breiman (2012),99.84660721,23.40606594,574.6666667,18.96111144,0.319271058,7.78017513,0,1722.666667,23.93333371,86.30803172,6.24311928,0.029448281,32.89088694,0.03697818,0.095144442,24008.39591
Kenya,Kibera,-1.311269979,36.78800114,2007,2009,18-34 y,312.1,Breiman (2012),99.84660721,23.40606594,574.6666667,18.96111144,0.319271058,7.78017513,0,1722.666667,23.93333371,86.30803172,6.24311928,0.029448281,32.89088694,0.03697818,0.095144442,24008.39591
Kenya,Kibera,-1.311269979,36.78800114,2007,2009,2-4 y,2242.6,Breiman (2012),99.84660721,23.40606594,574.6666667,18.96111144,0.319271058,7.78017513,0,1722.666667,23.93333371,86.30803172,6.24311928,0.029448281,32.89088694,0.03697818,0.095144442,24008.39591
Kenya,Kibera,-1.311269979,36.78800114,2007,2009,35-49 y,100,Breiman (2012),99.84660721,23.40606594,574.6666667,18.96111144,0.319271058,7.78017513,0,1722.666667,23.93333371,86.30803172,6.24311928,0.029448281,32.89088694,0.03697818,0.095144442,24008.39591
Kenya,Kibera,-1.311269979,36.78800114,2007,2009,5-14 y,1329.864328,Breiman (2012),99.84660721,23.40606594,574.6666667,18.96111144,0.319271058,7.78017513,0,1722.666667,23.93333371,86.30803172,6.24311928,0.029448281,32.89088694,0.03697818,0.095144442,24008.39591
Kenya,Kibera,-1.311269979,36.78800114,2007,2009,5-9 y,1788,Breiman (2012),99.84660721,23.40606594,574.6666667,18.96111144,0.319271058,7.78017513,0,1722.666667,23.93333371,86.30803172,6.24311928,0.029448281,32.89088694,0.03697818,0.095144442,24008.39591
Kenya,Kibera,-1.311269979,36.78800114,2007,2009,>14 y,231.3,Breiman (2012),99.84660721,23.40606594,574.6666667,18.96111144,0.319271058,7.78017513,0,1722.666667,23.93333371,86.30803172,6.24311928,0.029448281,32.89088694,0.03697818,0.095144442,24008.39591
Kenya,Kibera,-1.311269979,36.78800114,2007,2009,>50 y,66.6,Breiman (2012),99.84660721,23.40606594,574.6666667,18.96111144,0.319271058,7.78017513,0,1722.666667,23.93333371,86.30803172,6.24311928,0.029448281,32.89088694,0.03697818,0.095144442,24008.39591
Kenya,Kibera,-1.311269979,36.78800114,2007,2009,All,822,Breiman (2012),99.84660721,23.40606594,574.6666667,18.96111144,0.319271058,7.78017513,0,1722.666667,23.93333371,86.30803172,6.24311928,0.029448281,32.89088694,0.03697818,0.095144442,24008.39591
Kenya,Lwak,-0.140373,34.3573,2006,2009,0-1 y,345.7,Breiman (2012),37.90359395,37.06403829,1460.5,23.25416692,0.398987334,21.48693112,35.46774194,1225.324675,6.220296533,13.86162752,3.28770095,55.4844053,34.83307981,0.041657433,0.130189203,287.4905061
Kenya,Lwak,-0.140373,34.3573,2006,2009,10-17 y,260.4,Breiman (2012),37.90359395,37.06403829,1460.5,23.25416692,0.398987334,21.48693112,35.46774194,1225.324675,6.220296533,13.86162752,3.28770095,55.4844053,34.83307981,0.041657433,0.130189203,287.4905061
Kenya,Lwak,-0.140373,34.3573,2006,2009,18-34 y,815.7,Breiman (2012),37.90359395,37.06403829,1460.5,23.25416692,0.398987334,21.48693112,35.46774194,1225.324675,6.220296533,13.86162752,3.28770095,55.4844053,34.83307981,0.041657433,0.130189203,287.4905061
Kenya,Lwak,-0.140373,34.3573,2006,2009,2-4 y,742.6,Breiman (2012),37.90359395,37.06403829,1460.5,23.25416692,0.398987334,21.48693112,35.46774194,1225.324675,6.220296533,13.86162752,3.28770095,55.4844053,34.83307981,0.041657433,0.130189203,287.4905061
Kenya,Lwak,-0.140373,34.3573,2006,2009,35-49 y,0,Breiman (2012),37.90359395,37.06403829,1460.5,23.25416692,0.398987334,21.48693112,35.46774194,1225.324675,6.220296533,13.86162752,3.28770095,55.4844053,34.83307981,0.041657433,0.130189203,287.4905061
Kenya,Lwak,-0.140373,34.3573,2006,2009,5-14 y,242.3046689,Breiman (2012),37.90359395,37.06403829,1460.5,23.25416692,0.398987334,21.48693112,35.46774194,1225.324675,6.220296533,13.86162752,3.28770095,55.4844053,34.83307981,0.041657433,0.130189203,287.4905061
Kenya,Lwak,-0.140373,34.3573,2006,2009,5-9 y,215.5,Breiman (2012),37.90359395,37.06403829,1460.5,23.25416692,0.398987334,21.48693112,35.46774194,1225.324675,6.220296533,13.86162752,3.28770095,55.4844053,34.83307981,0.041657433,0.130189203,287.4905061
Kenya,Lwak,-0.140373,34.3573,2006,2009,>14 y,625.6,Breiman (2012),37.90359395,37.06403829,1460.5,23.25416692,0.398987334,21.48693112,35.46774194,1225.324675,6.220296533,13.86162752,3.28770095,55.4844053,34.83307981,0.041657433,0.130189203,287.4905061
Kenya,Lwak,-0.140373,34.3573,2006,2009,>50 y,565.8,Breiman (2012),37.90359395,37.06403829,1460.5,23.25416692,0.398987334,21.48693112,35.46774194,1225.324675,6.220296533,13.86162752,3.28770095,55.4844053,34.83307981,0.041657433,0.130189203,287.4905061
Kenya,Lwak,-0.140373,34.3573,2006,2009,All,445,Breiman (2012),37.90359395,37.06403829,1460.5,23.25416692,0.398987334,21.48693112,35.46774194,1225.324675,6.220296533,13.86162752,3.28770095,55.4844053,34.83307981,0.041657433,0.130189203,287.4905061
Egypt,Bilbeis,30.42,31.54,2001,2001,All,6.3,Crump (2003),99.22542594,91.77750658,5,21.67500019,0.23870694,0.1,4.707647059,39.34803002,16.98050789,64.12938837,82.08510042,0.0737704,5.315988534,0.053123961,0.067339619,984.8142513
Burkina Faso,Nanoro,12.69,-2.19,2013,2014,0-4 y,93.33333341,Guiraud (2017),71.08955089,19.29474424,693.1666667,28.90833378,0.308432117,0.798201762,56.27889335,315.8692857,10.12761771,11.74559767,0.35493715,1.553538406,79.71655756,0.155011619,0.261958359,77.74584104
Burkina Faso,Nanoro,12.69,-2.19,2013,2014,5-14 y,124.0909092,Guiraud (2017),71.08955089,19.29474424,693.1666667,28.90833378,0.308432117,0.798201762,56.27889335,315.8692857,10.12761771,11.74559767,0.35493715,1.553538406,79.71655756,0.155011619,0.261958359,77.74584104
Burkina Faso,Nioko II,12.43598254,-1.433887523,2012,2013,0-1 y,0,Marks (2017),99.99145889,96.42808914,829.5,28.82916721,0.228290059,1.365945458,0.3,289.3333333,6.245454639,99.83313751,57.53970718,0.000923971,0.759003818,0.14909669,0.186006427,1354.806774
Burkina Faso,Nioko II,12.43598254,-1.433887523,2012,2013,2-4 y,251,Marks (2017),99.99145889,96.42808914,829.5,28.82916721,0.228290059,1.365945458,0.3,289.3333333,6.245454639,99.83313751,57.53970718,0.000923971,0.759003818,0.14909669,0.186006427,1354.806774
Burkina Faso,Nioko II,12.43598254,-1.433887523,2012,2013,5-14 y,315,Marks (2017),99.99145889,96.42808914,829.5,28.82916721,0.228290059,1.365945458,0.3,289.3333333,6.245454639,99.83313751,57.53970718,0.000923971,0.759003818,0.14909669,0.186006427,1354.806774
Burkina Faso,Nioko II,12.43598254,-1.433887523,2012,2013,>14 y,0,Marks (2017),99.99145889,96.42808914,829.5,28.82916721,0.228290059,1.365945458,0.3,289.3333333,6.245454639,99.83313751,57.53970718,0.000923971,0.759003818,0.14909669,0.186006427,1354.806774
Burkina Faso,Nioko II,12.43598254,-1.433887523,2012,2013,All,104,Marks (2017),99.99145889,96.42808914,829.5,28.82916721,0.228290059,1.365945458,0.3,289.3333333,6.245454639,99.83313751,57.53970718,0.000923971,0.759003818,0.14909669,0.186006427,1354.806774
Burkina Faso,Polesgo,12.44371079,-1.513549392,2012,2013,0-1 y,0,Marks (2017),46.04583168,74.42234802,866,28.68333387,0.221369848,1.349722326,0,310,4.907142946,20.31673527,1.010652572,39.88961601,9.108010769,0.148215063,0.189381808,3846.219849
Burkina Faso,Polesgo,12.44371079,-1.513549392,2012,2013,2-4 y,1895.2,Marks (2017),46.04583168,74.42234802,866,28.68333387,0.221369848,1.349722326,0,310,4.907142946,20.31673527,1.010652572,39.88961601,9.108010769,0.148215063,0.189381808,3846.219849
Burkina Faso,Polesgo,12.44371079,-1.513549392,2012,2013,5-14 y,485,Marks (2017),46.04583168,74.42234802,866,28.68333387,0.221369848,1.349722326,0,310,4.907142946,20.31673527,1.010652572,39.88961601,9.108010769,0.148215063,0.189381808,3846.219849
Burkina Faso,Polesgo,12.44371079,-1.513549392,2012,2013,>14 y,107,Marks (2017),46.04583168,74.42234802,866,28.68333387,0.221369848,1.349722326,0,310,4.907142946,20.31673527,1.010652572,39.88961601,9.108010769,0.148215063,0.189381808,3846.219849
Burkina Faso,Polesgo,12.44371079,-1.513549392,2012,2013,All,383,Marks (2017),46.04583168,74.42234802,866,28.68333387,0.221369848,1.349722326,0,310,4.907142946,20.31673527,1.010652572,39.88961601,9.108010769,0.148215063,0.189381808,3846.219849
Ethiopia,Butajira,8.121346727,38.3776902,2012,2014,0-1 y,0,Marks (2017),66.86507974,16.58118138,940.4166667,18.08750029,0.553287657,0.591010809,16.65486726,2047.243243,13.18263842,8.340358697,0.837232261,11.46724973,31.97576147,0.100344354,0.325107821,587.9641607
Ethiopia,Butajira,8.121346727,38.3776902,2012,2014,2-4 y,0,Marks (2017),66.86507974,16.58118138,940.4166667,18.08750029,0.553287657,0.591010809,16.65486726,2047.243243,13.18263842,8.340358697,0.837232261,11.46724973,31.97576147,0.100344354,0.325107821,587.9641607
Ethiopia,Butajira,8.121346727,38.3776902,2012,2014,5-14 y,13.45518148,Marks (2017),66.86507974,16.58118138,940.4166667,18.08750029,0.553287657,0.591010809,16.65486726,2047.243243,13.18263842,8.340358697,0.837232261,11.46724973,31.97576147,0.100344354,0.325107821,587.9641607
Ethiopia,Butajira,8.121346727,38.3776902,2012,2014,>14 y,7.749844475,Marks (2017),66.86507974,16.58118138,940.4166667,18.08750029,0.553287657,0.591010809,16.65486726,2047.243243,13.18263842,8.340358697,0.837232261,11.46724973,31.97576147,0.100344354,0.325107821,587.9641607
Ethiopia,Butajira,8.121346727,38.3776902,2012,2014,All,NA,Marks (2017),66.86507974,16.58118138,940.4166667,18.08750029,0.553287657,0.591010809,16.65486726,2047.243243,13.18263842,8.340358697,0.837232261,11.46724973,31.97576147,0.100344354,0.325107821,587.9641607
Ghana,Asante Akim North,6.795175,-1.085461,2010,2012,0-1 y,120,Marks (2017),81.54214121,56.76803194,1408.166667,27.19611146,0.312183913,1.713272014,85.5509391,223.0418944,22.19554849,34.50627355,4.37315956,13.16942375,32.46222598,0.082964886,0.153124814,82.32085568
Ghana,Asante Akim North,6.795175,-1.085461,2010,2012,2-4 y,1079,Marks (2017),81.54214121,56.76803194,1408.166667,27.19611146,0.312183913,1.713272014,85.5509391,223.0418944,22.19554849,34.50627355,4.37315956,13.16942375,32.46222598,0.082964886,0.153124814,82.32085568
Ghana,Asante Akim North,6.795175,-1.085461,2010,2012,5-14 y,314,Marks (2017),81.54214121,56.76803194,1408.166667,27.19611146,0.312183913,1.713272014,85.5509391,223.0418944,22.19554849,34.50627355,4.37315956,13.16942375,32.46222598,0.082964886,0.153124814,82.32085568
Guinea-Bissau,Bandim,11.86622993,-15.60637586,2011,2013,0-1 y,0,Marks (2017),35.94932938,78.94324875,1666,27.61111148,0.210055242,3.934080044,0.153846154,15.8,1.718055575,16.78755538,30.13653739,0.141794133,4.630883376,0.069653474,0.127863041,4854.587753
Guinea-Bissau,Bandim,11.86622993,-15.60637586,2011,2013,2-4 y,53,Marks (2017),35.94932938,78.94324875,1666,27.61111148,0.210055242,3.934080044,0.153846154,15.8,1.718055575,16.78755538,30.13653739,0.141794133,4.630883376,0.069653474,0.127863041,4854.587753
Guinea-Bissau,Bandim,11.86622993,-15.60637586,2011,2013,5-14 y,18,Marks (2017),35.94932938,78.94324875,1666,27.61111148,0.210055242,3.934080044,0.153846154,15.8,1.718055575,16.78755538,30.13653739,0.141794133,4.630883376,0.069653474,0.127863041,4854.587753
Guinea-Bissau,Bandim,11.86622993,-15.60637586,2011,2013,>14 y,4,Marks (2017),35.94932938,78.94324875,1666,27.61111148,0.210055242,3.934080044,0.153846154,15.8,1.718055575,16.78755538,30.13653739,0.141794133,4.630883376,0.069653474,0.127863041,4854.587753
Guinea-Bissau,Bandim,11.86622993,-15.60637586,2011,2013,All,10,Marks (2017),35.94932938,78.94324875,1666,27.61111148,0.210055242,3.934080044,0.153846154,15.8,1.718055575,16.78755538,30.13653739,0.141794133,4.630883376,0.069653474,0.127863041,4854.587753
Kenya,Kibera,-1.311269979,36.78800114,2012,2013,0-1 y,148,Marks (2017),99.88961029,35.241786,932,18.82916689,0.284104802,5.524816275,0,1722.666667,23.93333371,88.52876091,17.66948867,0.020707306,20.71412754,0.031448899,0.079668555,28721.12268
Kenya,Kibera,-1.311269979,36.78800114,2012,2013,2-4 y,490,Marks (2017),99.88961029,35.241786,932,18.82916689,0.284104802,5.524816275,0,1722.666667,23.93333371,88.52876091,17.66948867,0.020707306,20.71412754,0.031448899,0.079668555,28721.12268
Kenya,Kibera,-1.311269979,36.78800114,2012,2013,5-14 y,489,Marks (2017),99.88961029,35.241786,932,18.82916689,0.284104802,5.524816275,0,1722.666667,23.93333371,88.52876091,17.66948867,0.020707306,20.71412754,0.031448899,0.079668555,28721.12268
Kenya,Kibera,-1.311269979,36.78800114,2012,2013,>14 y,141,Marks (2017),99.88961029,35.241786,932,18.82916689,0.284104802,5.524816275,0,1722.666667,23.93333371,88.52876091,17.66948867,0.020707306,20.71412754,0.031448899,0.079668555,28721.12268
Kenya,Kibera,-1.311269979,36.78800114,2012,2013,All,284,Marks (2017),99.88961029,35.241786,932,18.82916689,0.284104802,5.524816275,0,1722.666667,23.93333371,88.52876091,17.66948867,0.020707306,20.71412754,0.031448899,0.079668555,28721.12268
Madagascar,Imerintsiatosika,-18.97915051,47.32708816,2011,2013,0-1 y,0,Marks (2017),78.50776729,15.95230151,1476.916667,18.42083368,0.571139263,0.064202095,38.66964286,1338.274648,13.22809899,35.55274383,1.016327889,1.467444315,6.288641341,0.078203413,0.307331198,190.4491997
Madagascar,Imerintsiatosika,-18.97915051,47.32708816,2011,2013,2-4 y,0,Marks (2017),78.50776729,15.95230151,1476.916667,18.42083368,0.571139263,0.064202095,38.66964286,1338.274648,13.22809899,35.55274383,1.016327889,1.467444315,6.288641341,0.078203413,0.307331198,190.4491997
Madagascar,Imerintsiatosika,-18.97915051,47.32708816,2011,2013,5-14 y,171,Marks (2017),78.50776729,15.95230151,1476.916667,18.42083368,0.571139263,0.064202095,38.66964286,1338.274648,13.22809899,35.55274383,1.016327889,1.467444315,6.288641341,0.078203413,0.307331198,190.4491997
Madagascar,Imerintsiatosika,-18.97915051,47.32708816,2011,2013,>14 y,20,Marks (2017),78.50776729,15.95230151,1476.916667,18.42083368,0.571139263,0.064202095,38.66964286,1338.274648,13.22809899,35.55274383,1.016327889,1.467444315,6.288641341,0.078203413,0.307331198,190.4491997
Madagascar,Imerintsiatosika,-18.97915051,47.32708816,2011,2013,All,58,Marks (2017),78.50776729,15.95230151,1476.916667,18.42083368,0.571139263,0.064202095,38.66964286,1338.274648,13.22809899,35.55274383,1.016327889,1.467444315,6.288641341,0.078203413,0.307331198,190.4491997
Madagascar,Isotry,-18.91151368,47.51567957,2012,2013,0-1 y,0,Marks (2017),72.50063896,49.76219654,1513,18.85416706,0.448815778,0.111480074,0,1261,1.152941209,62.98569584,26.93838263,6.345951244,15.83243608,0.059261186,0.204930831,5531.548964
Madagascar,Isotry,-18.91151368,47.51567957,2012,2013,2-4 y,0,Marks (2017),72.50063896,49.76219654,1513,18.85416706,0.448815778,0.111480074,0,1261,1.152941209,62.98569584,26.93838263,6.345951244,15.83243608,0.059261186,0.204930831,5531.548964
Madagascar,Isotry,-18.91151368,47.51567957,2012,2013,5-14 y,62,Marks (2017),72.50063896,49.76219654,1513,18.85416706,0.448815778,0.111480074,0,1261,1.152941209,62.98569584,26.93838263,6.345951244,15.83243608,0.059261186,0.204930831,5531.548964
Madagascar,Isotry,-18.91151368,47.51567957,2012,2013,>14 y,42,Marks (2017),72.50063896,49.76219654,1513,18.85416706,0.448815778,0.111480074,0,1261,1.152941209,62.98569584,26.93838263,6.345951244,15.83243608,0.059261186,0.204930831,5531.548964
Madagascar,Isotry,-18.91151368,47.51567957,2012,2013,All,42,Marks (2017),72.50063896,49.76219654,1513,18.85416706,0.448815778,0.111480074,0,1261,1.152941209,62.98569584,26.93838263,6.345951244,15.83243608,0.059261186,0.204930831,5531.548964
Senegal,Pikine,14.77115955,-17.34856515,2011,2013,0-1 y,0,Marks (2017),84.01272084,92.10729557,503.3333333,25.60277801,0.192896981,0.378079779,8.265395894,17.84418605,3.503893002,79.16453552,27.66573335,0.030177412,7.568546988,0.068388581,0.117625006,4200.305461
Senegal,Pikine,14.77115955,-17.34856515,2011,2013,2-4 y,0,Marks (2017),84.01272084,92.10729557,503.3333333,25.60277801,0.192896981,0.378079779,8.265395894,17.84418605,3.503893002,79.16453552,27.66573335,0.030177412,7.568546988,0.068388581,0.117625006,4200.305461
Senegal,Pikine,14.77115955,-17.34856515,2011,2013,5-14 y,32.41217857,Marks (2017),84.01272084,92.10729557,503.3333333,25.60277801,0.192896981,0.378079779,8.265395894,17.84418605,3.503893002,79.16453552,27.66573335,0.030177412,7.568546988,0.068388581,0.117625006,4200.305461
Senegal,Pikine,14.77115955,-17.34856515,2011,2013,>14 y,20.12260907,Marks (2017),84.01272084,92.10729557,503.3333333,25.60277801,0.192896981,0.378079779,8.265395894,17.84418605,3.503893002,79.16453552,27.66573335,0.030177412,7.568546988,0.068388581,0.117625006,4200.305461
Senegal,Pikine,14.77115955,-17.34856515,2011,2013,All,NA,Marks (2017),84.01272084,92.10729557,503.3333333,25.60277801,0.192896981,0.378079779,8.265395894,17.84418605,3.503893002,79.16453552,27.66573335,0.030177412,7.568546988,0.068388581,0.117625006,4200.305461
South Africa,Pietermaritzburg,-29.63325129,30.36333612,2012,2014,0-1 y,0,Marks (2017),84.04119814,60.99480241,724.2222222,17.21944488,0.285635581,31.35868906,10.28952043,1063.036827,8.002058322,79.80851257,22.12302254,12.68563883,3.181883137,0.032246969,0.044195431,692.2338683
South Africa,Pietermaritzburg,-29.63325129,30.36333612,2012,2014,2-4 y,0,Marks (2017),84.04119814,60.99480241,724.2222222,17.21944488,0.285635581,31.35868906,10.28952043,1063.036827,8.002058322,79.80851257,22.12302254,12.68563883,3.181883137,0.032246969,0.044195431,692.2338683
South Africa,Pietermaritzburg,-29.63325129,30.36333612,2012,2014,5-14 y,0,Marks (2017),84.04119814,60.99480241,724.2222222,17.21944488,0.285635581,31.35868906,10.28952043,1063.036827,8.002058322,79.80851257,22.12302254,12.68563883,3.181883137,0.032246969,0.044195431,692.2338683
South Africa,Pietermaritzburg,-29.63325129,30.36333612,2012,2014,>14 y,19.01941326,Marks (2017),84.04119814,60.99480241,724.2222222,17.21944488,0.285635581,31.35868906,10.28952043,1063.036827,8.002058322,79.80851257,22.12302254,12.68563883,3.181883137,0.032246969,0.044195431,692.2338683
South Africa,Pietermaritzburg,-29.63325129,30.36333612,2012,2014,All,NA,Marks (2017),84.04119814,60.99480241,724.2222222,17.21944488,0.285635581,31.35868906,10.28952043,1063.036827,8.002058322,79.80851257,22.12302254,12.68563883,3.181883137,0.032246969,0.044195431,692.2338683
Sudan,East Wad Medani,14.38601485,33.53009231,2012,2013,0-1 y,0,Marks (2017),89.27069092,16.32708788,305,29.86666695,0.350390166,0.550392911,0,402.6666667,1.124675354,71.21842194,0.122059574,4.807668984,54.83383942,0.132841807,0.226702716,1708.433671
Sudan,East Wad Medani,14.38601485,33.53009231,2012,2013,2-4 y,0,Marks (2017),89.27069092,16.32708788,305,29.86666695,0.350390166,0.550392911,0,402.6666667,1.124675354,71.21842194,0.122059574,4.807668984,54.83383942,0.132841807,0.226702716,1708.433671
Sudan,East Wad Medani,14.38601485,33.53009231,2012,2013,5-14 y,0,Marks (2017),89.27069092,16.32708788,305,29.86666695,0.350390166,0.550392911,0,402.6666667,1.124675354,71.21842194,0.122059574,4.807668984,54.83383942,0.132841807,0.226702716,1708.433671
Sudan,East Wad Medani,14.38601485,33.53009231,2012,2013,>14 y,0,Marks (2017),89.27069092,16.32708788,305,29.86666695,0.350390166,0.550392911,0,402.6666667,1.124675354,71.21842194,0.122059574,4.807668984,54.83383942,0.132841807,0.226702716,1708.433671
Sudan,East Wad Medani,14.38601485,33.53009231,2012,2013,All,0,Marks (2017),89.27069092,16.32708788,305,29.86666695,0.350390166,0.550392911,0,402.6666667,1.124675354,71.21842194,0.122059574,4.807668984,54.83383942,0.132841807,0.226702716,1708.433671
Tanzania,Moshi Rural District,-3.294514809,37.36807876,2011,2013,0-1 y,0,Marks (2017),77.06352704,50.5718452,874.6666667,21.57638919,0.298789003,2.853179734,39.00610874,1191.680583,13.90383313,61.93716002,14.33953993,12.29311802,8.424955441,0.031312073,0.126684076,291.5132264
Tanzania,Moshi Rural District,-3.294514809,37.36807876,2011,2013,2-4 y,0,Marks (2017),77.06352704,50.5718452,874.6666667,21.57638919,0.298789003,2.853179734,39.00610874,1191.680583,13.90383313,61.93716002,14.33953993,12.29311802,8.424955441,0.031312073,0.126684076,291.5132264
Tanzania,Moshi Rural District,-3.294514809,37.36807876,2011,2013,5-14 y,18,Marks (2017),77.06352704,50.5718452,874.6666667,21.57638919,0.298789003,2.853179734,39.00610874,1191.680583,13.90383313,61.93716002,14.33953993,12.29311802,8.424955441,0.031312073,0.126684076,291.5132264
Tanzania,Moshi Rural District,-3.294514809,37.36807876,2011,2013,>14 y,28,Marks (2017),77.06352704,50.5718452,874.6666667,21.57638919,0.298789003,2.853179734,39.00610874,1191.680583,13.90383313,61.93716002,14.33953993,12.29311802,8.424955441,0.031312073,0.126684076,291.5132264
Tanzania,Moshi Rural District,-3.294514809,37.36807876,2011,2013,All,20,Marks (2017),77.06352704,50.5718452,874.6666667,21.57638919,0.298789003,2.853179734,39.00610874,1191.680583,13.90383313,61.93716002,14.33953993,12.29311802,8.424955441,0.031312073,0.126684076,291.5132264
Tanzania,Moshi Urban District,-3.349910988,37.33649115,2011,2013,0-1 y,0,Marks (2017),86.86903191,70.55705023,830.3333333,18.16111159,0.262780484,3.305170854,1.430555556,852.5,27.69304937,85.32753849,47.92030629,3.933943409,6.009685944,0.030748486,0.118712028,2507.38662
Tanzania,Moshi Urban District,-3.349910988,37.33649115,2011,2013,2-4 y,1028,Marks (2017),86.86903191,70.55705023,830.3333333,18.16111159,0.262780484,3.305170854,1.430555556,852.5,27.69304937,85.32753849,47.92030629,3.933943409,6.009685944,0.030748486,0.118712028,2507.38662
Tanzania,Moshi Urban District,-3.349910988,37.33649115,2011,2013,5-14 y,103,Marks (2017),86.86903191,70.55705023,830.3333333,18.16111159,0.262780484,3.305170854,1.430555556,852.5,27.69304937,85.32753849,47.92030629,3.933943409,6.009685944,0.030748486,0.118712028,2507.38662
Tanzania,Moshi Urban District,-3.349910988,37.33649115,2011,2013,>14 y,201,Marks (2017),86.86903191,70.55705023,830.3333333,18.16111159,0.262780484,3.305170854,1.430555556,852.5,27.69304937,85.32753849,47.92030629,3.933943409,6.009685944,0.030748486,0.118712028,2507.38662
Tanzania,Moshi Urban District,-3.349910988,37.33649115,2011,2013,All,168,Marks (2017),86.86903191,70.55705023,830.3333333,18.16111159,0.262780484,3.305170854,1.430555556,852.5,27.69304937,85.32753849,47.92030629,3.933943409,6.009685944,0.030748486,0.118712028,2507.38662
Burkina Faso,Nioko and Polesgo,12.43,-1.49,2016,2019,0-1 y,0,Marks (2022),99.99295235,99.26883888,766.75,29.07291702,0.194366146,0.881697938,0.3,289.3333333,6.245454639,99.91034508,85.54880905,0.000178852,0.055233146,0.120423341,0.164642014,1716.884572
Burkina Faso,Nioko and Polesgo,12.43,-1.49,2016,2019,2-4 y,1019.4,Marks (2022),99.99295235,99.26883888,766.75,29.07291702,0.194366146,0.881697938,0.3,289.3333333,6.245454639,99.91034508,85.54880905,0.000178852,0.055233146,0.120423341,0.164642014,1716.884572
Burkina Faso,Nioko and Polesgo,12.43,-1.49,2016,2019,5-14 y,1495.8,Marks (2022),99.99295235,99.26883888,766.75,29.07291702,0.194366146,0.881697938,0.3,289.3333333,6.245454639,99.91034508,85.54880905,0.000178852,0.055233146,0.120423341,0.164642014,1716.884572
Burkina Faso,Nioko and Polesgo,12.43,-1.49,2016,2019,>14 y,467.4,Marks (2022),99.99295235,99.26883888,766.75,29.07291702,0.194366146,0.881697938,0.3,289.3333333,6.245454639,99.91034508,85.54880905,0.000178852,0.055233146,0.120423341,0.164642014,1716.884572
Burkina Faso,Nioko and Polesgo,12.43,-1.49,2016,2019,All,713.4,Marks (2022),99.99295235,99.26883888,766.75,29.07291702,0.194366146,0.881697938,0.3,289.3333333,6.245454639,99.91034508,85.54880905,0.000178852,0.055233146,0.120423341,0.164642014,1716.884572
Democratic Republic of the Congo,Kavuaya and Nkandu 1,-5.1,15.11,2017,2020,0-1 y,364.8,Marks (2022),23.31517347,13.37268893,1776,24.28333378,0.378939917,0.388311381,13.88387097,550.2164948,43.49697047,3.324958206,1.189099183,3.448417753,54.17725277,0.078292762,0.23557812,216.3371697
Democratic Republic of the Congo,Kavuaya and Nkandu 1,-5.1,15.11,2017,2020,2-4 y,304.2,Marks (2022),23.31517347,13.37268893,1776,24.28333378,0.378939917,0.388311381,13.88387097,550.2164948,43.49697047,3.324958206,1.189099183,3.448417753,54.17725277,0.078292762,0.23557812,216.3371697
Democratic Republic of the Congo,Kavuaya and Nkandu 1,-5.1,15.11,2017,2020,5-14 y,327,Marks (2022),23.31517347,13.37268893,1776,24.28333378,0.378939917,0.388311381,13.88387097,550.2164948,43.49697047,3.324958206,1.189099183,3.448417753,54.17725277,0.078292762,0.23557812,216.3371697
Democratic Republic of the Congo,Kavuaya and Nkandu 1,-5.1,15.11,2017,2020,>14 y,108.6,Marks (2022),23.31517347,13.37268893,1776,24.28333378,0.378939917,0.388311381,13.88387097,550.2164948,43.49697047,3.324958206,1.189099183,3.448417753,54.17725277,0.078292762,0.23557812,216.3371697
Democratic Republic of the Congo,Kavuaya and Nkandu 1,-5.1,15.11,2017,2020,All,208.8,Marks (2022),23.31517347,13.37268893,1776,24.28333378,0.378939917,0.388311381,13.88387097,550.2164948,43.49697047,3.324958206,1.189099183,3.448417753,54.17725277,0.078292762,0.23557812,216.3371697
Ethiopia,Sodo,8.4475,39.22,2017,2019,0-1 y,0,Marks (2022),80.54886323,19.68925797,888.4,19.52083369,0.426316177,1.038536169,30.98113208,1759.390046,22.12895178,57.91079666,1.37767868,6.858182773,15.53029057,0.077825861,0.18620204,621.6871303
Ethiopia,Sodo,8.4475,39.22,2017,2019,2-4 y,0,Marks (2022),80.54886323,19.68925797,888.4,19.52083369,0.426316177,1.038536169,30.98113208,1759.390046,22.12895178,57.91079666,1.37767868,6.858182773,15.53029057,0.077825861,0.18620204,621.6871303
Ethiopia,Sodo,8.4475,39.22,2017,2019,5-14 y,32.4,Marks (2022),80.54886323,19.68925797,888.4,19.52083369,0.426316177,1.038536169,30.98113208,1759.390046,22.12895178,57.91079666,1.37767868,6.858182773,15.53029057,0.077825861,0.18620204,621.6871303
Ethiopia,Sodo,8.4475,39.22,2017,2019,>14 y,7.2,Marks (2022),80.54886323,19.68925797,888.4,19.52083369,0.426316177,1.038536169,30.98113208,1759.390046,22.12895178,57.91079666,1.37767868,6.858182773,15.53029057,0.077825861,0.18620204,621.6871303
Ethiopia,Sodo,8.4475,39.22,2017,2019,All,13.8,Marks (2022),80.54886323,19.68925797,888.4,19.52083369,0.426316177,1.038536169,30.98113208,1759.390046,22.12895178,57.91079666,1.37767868,6.858182773,15.53029057,0.077825861,0.18620204,621.6871303
Ghana,Agogo,6.795175,-1.085461,2016,2019,0-1 y,26.4,Marks (2022),85.00803641,46.52097937,1260.25,27.51958372,0.217560047,1.514167896,84.47308612,229.4449761,22.07654688,31.2834395,5.599833859,10.52199277,37.83139498,0.06264992,0.118102267,87.33217578
Ghana,Agogo,6.795175,-1.085461,2016,2019,2-4 y,171.6,Marks (2022),85.00803641,46.52097937,1260.25,27.51958372,0.217560047,1.514167896,84.47308612,229.4449761,22.07654688,31.2834395,5.599833859,10.52199277,37.83139498,0.06264992,0.118102267,87.33217578
Ghana,Agogo,6.795175,-1.085461,2016,2019,5-14 y,168,Marks (2022),85.00803641,46.52097937,1260.25,27.51958372,0.217560047,1.514167896,84.47308612,229.4449761,22.07654688,31.2834395,5.599833859,10.52199277,37.83139498,0.06264992,0.118102267,87.33217578
Ghana,Agogo,6.795175,-1.085461,2016,2019,>14 y,19.8,Marks (2022),85.00803641,46.52097937,1260.25,27.51958372,0.217560047,1.514167896,84.47308612,229.4449761,22.07654688,31.2834395,5.599833859,10.52199277,37.83139498,0.06264992,0.118102267,87.33217578
Ghana,Agogo,6.795175,-1.085461,2016,2019,All,67.2,Marks (2022),85.00803641,46.52097937,1260.25,27.51958372,0.217560047,1.514167896,84.47308612,229.4449761,22.07654688,31.2834395,5.599833859,10.52199277,37.83139498,0.06264992,0.118102267,87.33217578
Madagascar,Imerintsiatosika,-18.97915051,47.32708816,2016,2019,0-1 y,0,Marks (2022),83.24648296,24.73316945,1250.75,18.70833379,0.546116074,0.069396711,38.66964286,1338.274648,13.22809899,32.45204082,0.688666037,0.976069033,4.950229654,0.073797719,0.279801762,193.7575695
Madagascar,Imerintsiatosika,-18.97915051,47.32708816,2016,2019,2-4 y,50.4,Marks (2022),83.24648296,24.73316945,1250.75,18.70833379,0.546116074,0.069396711,38.66964286,1338.274648,13.22809899,32.45204082,0.688666037,0.976069033,4.950229654,0.073797719,0.279801762,193.7575695
Madagascar,Imerintsiatosika,-18.97915051,47.32708816,2016,2019,5-14 y,157.8,Marks (2022),83.24648296,24.73316945,1250.75,18.70833379,0.546116074,0.069396711,38.66964286,1338.274648,13.22809899,32.45204082,0.688666037,0.976069033,4.950229654,0.073797719,0.279801762,193.7575695
Madagascar,Imerintsiatosika,-18.97915051,47.32708816,2016,2019,>14 y,106.2,Marks (2022),83.24648296,24.73316945,1250.75,18.70833379,0.546116074,0.069396711,38.66964286,1338.274648,13.22809899,32.45204082,0.688666037,0.976069033,4.950229654,0.073797719,0.279801762,193.7575695
Madagascar,Imerintsiatosika,-18.97915051,47.32708816,2016,2019,All,100.8,Marks (2022),83.24648296,24.73316945,1250.75,18.70833379,0.546116074,0.069396711,38.66964286,1338.274648,13.22809899,32.45204082,0.688666037,0.976069033,4.950229654,0.073797719,0.279801762,193.7575695
Madagascar,Mahajanga,-15.67063976,46.34061737,2018,2019,0-1 y,0,Marks (2022),41.57646416,10.99441896,1510.363636,27.00166712,0.400592109,0.258190217,183.7065966,51.42478873,6.37537016,16.07298864,1.083080634,20.42912021,65.2862181,0.114206716,0.266144712,63.57997456
Madagascar,Mahajanga,-15.67063976,46.34061737,2018,2019,2-4 y,0,Marks (2022),41.57646416,10.99441896,1510.363636,27.00166712,0.400592109,0.258190217,183.7065966,51.42478873,6.37537016,16.07298864,1.083080634,20.42912021,65.2862181,0.114206716,0.266144712,63.57997456
Madagascar,Mahajanga,-15.67063976,46.34061737,2018,2019,5-14 y,240,Marks (2022),41.57646416,10.99441896,1510.363636,27.00166712,0.400592109,0.258190217,183.7065966,51.42478873,6.37537016,16.07298864,1.083080634,20.42912021,65.2862181,0.114206716,0.266144712,63.57997456
Madagascar,Mahajanga,-15.67063976,46.34061737,2018,2019,>14 y,0,Marks (2022),41.57646416,10.99441896,1510.363636,27.00166712,0.400592109,0.258190217,183.7065966,51.42478873,6.37537016,16.07298864,1.083080634,20.42912021,65.2862181,0.114206716,0.266144712,63.57997456
Madagascar,Mahajanga,-15.67063976,46.34061737,2018,2019,All,63.6,Marks (2022),41.57646416,10.99441896,1510.363636,27.00166712,0.400592109,0.258190217,183.7065966,51.42478873,6.37537016,16.07298864,1.083080634,20.42912021,65.2862181,0.114206716,0.266144712,63.57997456
Nigeria,Ibadan,7.39,3.9,2017,2019,0-1 y,96,Marks (2022),93.55940857,67.54344826,1069,27.79166683,0.218024279,2.79191668,0,193.372549,7.101380384,9.695912015,32.77532024,1.396436315,31.76875414,0.082953012,0.162148081,11849.87332
Nigeria,Ibadan,7.39,3.9,2017,2019,2-4 y,55.8,Marks (2022),93.55940857,67.54344826,1069,27.79166683,0.218024279,2.79191668,0,193.372549,7.101380384,9.695912015,32.77532024,1.396436315,31.76875414,0.082953012,0.162148081,11849.87332
Nigeria,Ibadan,7.39,3.9,2017,2019,5-14 y,63.6,Marks (2022),93.55940857,67.54344826,1069,27.79166683,0.218024279,2.79191668,0,193.372549,7.101380384,9.695912015,32.77532024,1.396436315,31.76875414,0.082953012,0.162148081,11849.87332
Nigeria,Ibadan,7.39,3.9,2017,2019,>14 y,3,Marks (2022),93.55940857,67.54344826,1069,27.79166683,0.218024279,2.79191668,0,193.372549,7.101380384,9.695912015,32.77532024,1.396436315,31.76875414,0.082953012,0.162148081,11849.87332
Nigeria,Ibadan,7.39,3.9,2017,2019,All,25.2,Marks (2022),93.55940857,67.54344826,1069,27.79166683,0.218024279,2.79191668,0,193.372549,7.101380384,9.695912015,32.77532024,1.396436315,31.76875414,0.082953012,0.162148081,11849.87332
Malawi,Ndirande,-15.77,35.04,2016,2018,0 y,NA,Meiring (2021),99.86978149,50.19904836,1035.666667,22.05555587,0.364963889,15.12447739,0,1163.428571,2.376470623,98.67638652,14.78158665,0.02348845,0.303282171,0.027357137,0.105584482,10835.91808
Malawi,Ndirande,-15.77,35.04,2016,2018,0-4 y,372.88,Meiring (2021),99.86978149,50.19904836,1035.666667,22.05555587,0.364963889,15.12447739,0,1163.428571,2.376470623,98.67638652,14.78158665,0.02348845,0.303282171,0.027357137,0.105584482,10835.91808
Malawi,Ndirande,-15.77,35.04,2016,2018,1 y,NA,Meiring (2021),99.86978149,50.19904836,1035.666667,22.05555587,0.364963889,15.12447739,0,1163.428571,2.376470623,98.67638652,14.78158665,0.02348845,0.303282171,0.027357137,0.105584482,10835.91808
Malawi,Ndirande,-15.77,35.04,2016,2018,10-14 y,355.18,Meiring (2021),99.86978149,50.19904836,1035.666667,22.05555587,0.364963889,15.12447739,0,1163.428571,2.376470623,98.67638652,14.78158665,0.02348845,0.303282171,0.027357137,0.105584482,10835.91808
Malawi,Ndirande,-15.77,35.04,2016,2018,15-29 y,212.99,Meiring (2021),99.86978149,50.19904836,1035.666667,22.05555587,0.364963889,15.12447739,0,1163.428571,2.376470623,98.67638652,14.78158665,0.02348845,0.303282171,0.027357137,0.105584482,10835.91808
Malawi,Ndirande,-15.77,35.04,2016,2018,2 y,NA,Meiring (2021),99.86978149,50.19904836,1035.666667,22.05555587,0.364963889,15.12447739,0,1163.428571,2.376470623,98.67638652,14.78158665,0.02348845,0.303282171,0.027357137,0.105584482,10835.91808
Malawi,Ndirande,-15.77,35.04,2016,2018,3 y,NA,Meiring (2021),99.86978149,50.19904836,1035.666667,22.05555587,0.364963889,15.12447739,0,1163.428571,2.376470623,98.67638652,14.78158665,0.02348845,0.303282171,0.027357137,0.105584482,10835.91808
Malawi,Ndirande,-15.77,35.04,2016,2018,30-49 y,NA,Meiring (2021),99.86978149,50.19904836,1035.666667,22.05555587,0.364963889,15.12447739,0,1163.428571,2.376470623,98.67638652,14.78158665,0.02348845,0.303282171,0.027357137,0.105584482,10835.91808
Malawi,Ndirande,-15.77,35.04,2016,2018,4 y,NA,Meiring (2021),99.86978149,50.19904836,1035.666667,22.05555587,0.364963889,15.12447739,0,1163.428571,2.376470623,98.67638652,14.78158665,0.02348845,0.303282171,0.027357137,0.105584482,10835.91808
Malawi,Ndirande,-15.77,35.04,2016,2018,5-14 y,430.3329448,Meiring (2021),99.86978149,50.19904836,1035.666667,22.05555587,0.364963889,15.12447739,0,1163.428571,2.376470623,98.67638652,14.78158665,0.02348845,0.303282171,0.027357137,0.105584482,10835.91808
Malawi,Ndirande,-15.77,35.04,2016,2018,5-9 y,507.99,Meiring (2021),99.86978149,50.19904836,1035.666667,22.05555587,0.364963889,15.12447739,0,1163.428571,2.376470623,98.67638652,14.78158665,0.02348845,0.303282171,0.027357137,0.105584482,10835.91808
Malawi,Ndirande,-15.77,35.04,2016,2018,>14 y,183.3048867,Meiring (2021),99.86978149,50.19904836,1035.666667,22.05555587,0.364963889,15.12447739,0,1163.428571,2.376470623,98.67638652,14.78158665,0.02348845,0.303282171,0.027357137,0.105584482,10835.91808
Malawi,Ndirande,-15.77,35.04,2016,2018,>30 y,146.32,Meiring (2021),99.86978149,50.19904836,1035.666667,22.05555587,0.364963889,15.12447739,0,1163.428571,2.376470623,98.67638652,14.78158665,0.02348845,0.303282171,0.027357137,0.105584482,10835.91808
Malawi,Ndirande,-15.77,35.04,2016,2018,>49 y,NA,Meiring (2021),99.86978149,50.19904836,1035.666667,22.05555587,0.364963889,15.12447739,0,1163.428571,2.376470623,98.67638652,14.78158665,0.02348845,0.303282171,0.027357137,0.105584482,10835.91808
Malawi,Ndirande,-15.77,35.04,2016,2018,All,261.96,Meiring (2021),99.86978149,50.19904836,1035.666667,22.05555587,0.364963889,15.12447739,0,1163.428571,2.376470623,98.67638652,14.78158665,0.02348845,0.303282171,0.027357137,0.105584482,10835.91808
Ghana,Asante Akim North,6.795175,-1.085461,2007,2009,0-4 y,330,Nielsen (2012),81.18573233,53.3506004,1517.5,27.03277811,0.342578724,2.133576246,85.5509391,223.0418944,22.19554849,37.24154833,3.204117614,13.78101775,32.63514099,0.095044367,0.187844548,79.68975149
Egypt,Fayoum,29.31174,30.84402,2002,2002,0-4 y,3,Srikantiah (2006),99.56502601,95.49333792,4.939393939,21.93750045,0.293618115,0.1,95.36692749,124.4176822,15.98465472,86.41832899,84.11255259,0.054197651,4.322396453,0.057777802,0.104210048,280.7752102
Egypt,Fayoum,29.31174,30.84402,2002,2002,10-14 y,80,Srikantiah (2006),99.56502601,95.49333792,4.939393939,21.93750045,0.293618115,0.1,95.36692749,124.4176822,15.98465472,86.41832899,84.11255259,0.054197651,4.322396453,0.057777802,0.104210048,280.7752102
Egypt,Fayoum,29.31174,30.84402,2002,2002,5-14 y,75.64814885,Srikantiah (2006),99.56502601,95.49333792,4.939393939,21.93750045,0.293618115,0.1,95.36692749,124.4176822,15.98465472,86.41832899,84.11255259,0.054197651,4.322396453,0.057777802,0.104210048,280.7752102
Egypt,Fayoum,29.31174,30.84402,2002,2002,5-9 y,71.5,Srikantiah (2006),99.56502601,95.49333792,4.939393939,21.93750045,0.293618115,0.1,95.36692749,124.4176822,15.98465472,86.41832899,84.11255259,0.054197651,4.322396453,0.057777802,0.104210048,280.7752102
Egypt,Fayoum,29.31174,30.84402,2002,2002,>14 y,17,Srikantiah (2006),99.56502601,95.49333792,4.939393939,21.93750045,0.293618115,0.1,95.36692749,124.4176822,15.98465472,86.41832899,84.11255259,0.054197651,4.322396453,0.057777802,0.104210048,280.7752102
Tanzania,Pemba Island,-5.160501,39.78313,2010,2010,0-5 y,42,Thriemer (2012),74.23142596,31.47887955,1537,26.67500035,0.380988618,0.349413753,233.0360624,22.51973684,0.607746383,66.47749092,9.866121262,0.791132411,61.48444303,0.09010219,0.215849033,313.4063193
Tanzania,Pemba Island,-5.160501,39.78313,2010,2010,5-14 y,50.5,Thriemer (2012),74.23142596,31.47887955,1537,26.67500035,0.380988618,0.349413753,233.0360624,22.51973684,0.607746383,66.47749092,9.866121262,0.791132411,61.48444303,0.09010219,0.215849033,313.4063193
Tanzania,Pemba Island,-5.160501,39.78313,2010,2010,>14 y,64,Thriemer (2012),74.23142596,31.47887955,1537,26.67500035,0.380988618,0.349413753,233.0360624,22.51973684,0.607746383,66.47749092,9.866121262,0.791132411,61.48444303,0.09010219,0.215849033,313.4063193
Tanzania,Pemba Island,-5.160501,39.78313,2010,2010,All,55,Thriemer (2012),74.23142596,31.47887955,1537,26.67500035,0.380988618,0.349413753,233.0360624,22.51973684,0.607746383,66.47749092,9.866121262,0.791132411,61.48444303,0.09010219,0.215849033,313.4063193
